match_number,innings,balls,batting_team,bowling_team,striker,non_striker,runs_off_bat,extras,running_runs,fours,sixes,total_runs,bowler,wicket_type,caught,bowled,lbw,run_out,total_wickets,is_boundary,player_dismissed,team1,team2,date,venue,city,toss_winner,toss_decision,player_of_match,umpire1,umpire2,reserve_umpire,match_referee,winner,winner_runs,winner_wickets,match_type,match_id,is_wickets
100,2,16.2,India,Australia,J Bumrah,S Gill,1,0,1,0,0,1,G Maxwell,not out,0,0,0,0,0,NO,y shashank,India,Australia,10-06-2024,India Stadium,India City,Australia,field,H Pandya,L Rusere,RJ Tucker,RK Illingworth,RB Richardson,Australia,15,6,Group,100,1
100,1,8.5,India,Australia,S Gill,V Kohli,0,0,0,0,0,0,S Smith,caught,1,0,0,0,1,NO,H Hiri,India,Australia,10-06-2024,India Stadium,India City,Australia,bat,H Pandya,RK Illingworth,SJ Nogajski,PR Reiffel,RS Madugalle,Australia,100,0,Group,100,1
100,2,9.4,Australia,India,M Marsh,M Marsh,0,0,0,0,0,0,J Bumrah,dot,0,0,0,0,0,NO,y shashank,India,Australia,10-06-2024,India Stadium,India City,Australia,field,H Pandya,AG Wharf,CB Gaffaney,CM Brown,DC Boon,Australia,15,8,Group,100,1
100,2,10.4,Australia,India,D Warner,G Maxwell,0,0,0,0,0,0,R Sharma,dot,0,0,0,0,0,NO,y shashank,India,Australia,10-06-2024,India Stadium,India City,Australia,field,H Pandya,RK Illingworth,RA Kettleborough,HDPK Dharmasena,JJ Crowe,Australia,24,0,Group,100,1
100,2,12.3,Australia,India,G Maxwell,D Warner,0,0,0,0,0,0,J Bumrah,dot,0,0,0,0,0,NO,y shashank,India,Australia,10-06-2024,India Stadium,India City,Australia,field,H Pandya,PR Reiffel,SJ Nogajski,AT Holdstock,RS Madugalle,Australia,15,7,Group,100,1
100,1,1.3,Australia,India,M Marsh,D Warner,3,0,3,0,0,3,H Pandya,not out,0,0,0,0,0,NO,y shashank,India,Australia,10-06-2024,India Stadium,India City,Australia,field,H Pandya,Ahsan Raza,HDPK Dharmasena,AT Holdstock,J Srinath,Australia,84,0,Group,100,1
100,1,9.2,Australia,India,D Warner,G Maxwell,1,0,1,0,0,1,J Bumrah,not out,0,0,0,0,0,NO,y shashank,India,Australia,10-06-2024,India Stadium,India City,Australia,field,H Pandya,MA Gough,RK Illingworth,AT Holdstock,RB Richardson,Australia,28,0,Group,100,1
100,1,6.4,India,Australia,J Bumrah,R Sharma,0,0,0,0,0,0,S Smith,dot,0,0,0,0,0,NO,y shashank,India,Australia,10-06-2024,India Stadium,India City,Australia,field,H Pandya,RK Illingworth,Sharfuddoula,L Rusere,RB Richardson,Australia,15,7,Group,100,1
100,2,2.2,Australia,India,S Smith,S Smith,0,0,0,0,0,0,V Kohli,dot,0,0,0,0,0,NO,y shashank,India,Australia,10-06-2024,India Stadium,India City,Australia,field,H Pandya,RA Kettleborough,SJ Nogajski,CB Gaffaney,RB Richardson,Australia,53,0,Group,100,1
100,1,12.3,Australia,India,M Marsh,S Smith,0,0,0,0,0,0,S Gill,dot,0,0,0,0,0,NO,y shashank,India,Australia,10-06-2024,India Stadium,India City,Australia,bat,H Pandya,CM Brown,RA Kettleborough,AG Wharf,JJ Crowe,Australia,15,6,Group,100,1
100,2,16.3,Australia,India,G Maxwell,M Starc,0,0,0,0,0,0,S Gill,dot,0,0,0,0,0,NO,y shashank,India,Australia,10-06-2024,India Stadium,India City,Australia,field,H Pandya,A Paleker,MA Gough,RJ Tucker,JJ Crowe,Australia,15,0,Group,100,1
100,1,17.5,India,Australia,H Pandya,H Pandya,1,0,1,0,0,1,G Maxwell,not out,0,0,0,0,0,NO,y shashank,India,Australia,10-06-2024,India Stadium,India City,Australia,field,H Pandya,AG Wharf,A Paleker,Asif Yaqoob,JJ Crowe,Australia,83,0,Group,100,1
100,1,9.6,Australia,India,D Warner,M Marsh,1,0,1,0,0,1,R Sharma,not out,0,0,0,0,0,NO,y shashank,India,Australia,10-06-2024,India Stadium,India City,Australia,field,H Pandya,AG Wharf,MA Gough,Ahsan Raza,DC Boon,Australia,15,7,Group,100,1
100,1,3.7,India,Australia,H Pandya,R Sharma,0,0,0,0,0,0,S Smith,dot,0,0,0,0,0,NO,y shashank,India,Australia,10-06-2024,India Stadium,India City,Australia,bat,H Pandya,CB Gaffaney,RK Illingworth,RJ Tucker,RB Richardson,Australia,2,0,Final,100,1
100,1,12.3,India,Australia,S Gill,H Pandya,0,0,0,0,0,0,M Starc,dot,0,0,0,0,0,NO,y shashank,India,Australia,10-06-2024,India Stadium,India City,Australia,field,H Pandya,AG Wharf,CB Gaffaney,CM Brown,DC Boon,Australia,15,8,Group,100,1
100,1,7.2,India,Australia,V Kohli,J Bumrah,0,0,0,0,0,0,S Smith,dot,0,0,0,0,0,NO,y shashank,India,Australia,10-06-2024,India Stadium,India City,Australia,field,H Pandya,AT Holdstock,Rashid Riaz,HDPK Dharmasena,J Srinath,Australia,15,3,Group,100,1
100,2,2.5,India,Australia,R Sharma,S Gill,0,0,0,0,0,0,D Warner,dot,0,0,0,0,0,NO,y shashank,India,Australia,10-06-2024,India Stadium,India City,Australia,field,H Pandya,PR Reiffel,RK Illingworth,Ahsan Raza,DC Boon,Australia,15,9,Group,100,1
100,1,14.4,India,Australia,V Kohli,R Sharma,1,0,1,0,0,1,S Smith,not out,0,0,0,0,0,NO,y shashank,India,Australia,10-06-2024,India Stadium,India City,Australia,bat,H Pandya,Nitin Menon,RK Illingworth,Ahsan Raza,RB Richardson,Australia,15,9,Semi Final,100,1
100,1,7.3,India,Australia,H Pandya,V Kohli,1,0,1,0,0,1,M Marsh,not out,0,0,0,0,0,NO,y shashank,India,Australia,10-06-2024,India Stadium,India City,Australia,field,H Pandya,Ahsan Raza,Nitin Menon,CM Brown,JJ Crowe,Australia,15,8,Group,100,1
100,1,14.5,Australia,India,D Warner,M Starc,1,0,1,0,0,1,S Gill,not out,0,0,0,0,0,NO,y shashank,India,Australia,10-06-2024,India Stadium,India City,Australia,field,H Pandya,Ahsan Raza,Nitin Menon,CM Brown,JJ Crowe,Australia,15,8,Group,100,1
100,1,17.3,Australia,India,M Marsh,G Maxwell,4,0,0,1,0,4,S Gill,not out,0,0,0,0,0,YES,y shashank,India,Australia,10-06-2024,India Stadium,India City,Australia,field,H Pandya,A Paleker,CM Brown,MA Gough,JJ Crowe,Australia,104,0,Group,100,1
100,2,3.5,Australia,India,D Warner,D Warner,4,0,0,1,0,4,R Sharma,not out,0,0,0,0,0,YES,y shashank,India,Australia,10-06-2024,India Stadium,India City,Australia,field,H Pandya,CM Brown,J Madanagopal,JS Wilson,RB Richardson,Australia,25,0,Group,100,1
100,1,11.4,Australia,India,G Maxwell,D Warner,0,1,0,0,0,1,H Pandya,not out,0,0,0,0,0,NO,y shashank,India,Australia,10-06-2024,India Stadium,India City,Australia,field,H Pandya,L Rusere,PR Reiffel,RK Illingworth,DC Boon,Australia,15,7,Group,100,1
100,1,17.2,Australia,India,M Starc,D Warner,1,0,1,0,0,1,R Sharma,not out,0,0,0,0,0,NO,y shashank,India,Australia,10-06-2024,India Stadium,India City,Australia,field,H Pandya,Ahsan Raza,HDPK Dharmasena,AT Holdstock,J Srinath,Australia,84,0,Group,100,1
100,1,19.3,India,Australia,J Bumrah,J Bumrah,0,0,0,0,0,0,M Starc,run out,0,0,0,1,1,NO,A Nao,India,Australia,10-06-2024,India Stadium,India City,Australia,field,H Pandya,AG Wharf,A Paleker,Asif Yaqoob,JJ Crowe,Australia,83,0,Group,100,1
100,2,17.6,Australia,India,S Smith,G Maxwell,4,0,0,1,0,4,R Sharma,not out,0,0,0,0,0,YES,y shashank,India,Australia,10-06-2024,India Stadium,India City,Australia,bat,H Pandya,PR Reiffel,RJ Tucker,AG Wharf,DC Boon,Australia,47,0,Group,100,1
100,1,17.4,Australia,India,M Marsh,M Starc,3,0,3,0,0,3,J Bumrah,not out,0,0,0,0,0,NO,y shashank,India,Australia,10-06-2024,India Stadium,India City,Australia,field,H Pandya,J Madanagopal,JS Wilson,SJ Nogajski,RB Richardson,Australia,112,0,Group,100,1
100,1,12.5,Australia,India,S Smith,S Smith,4,0,0,1,0,4,S Gill,not out,0,0,0,0,0,YES,y shashank,India,Australia,10-06-2024,India Stadium,India City,Australia,field,H Pandya,AT Holdstock,HDPK Dharmasena,PR Reiffel,RS Madugalle,Australia,15,7,Group,100,1
100,2,14.6,Australia,India,G Maxwell,M Starc,1,0,1,0,0,1,R Sharma,not out,0,0,0,0,0,NO,y shashank,India,Australia,10-06-2024,India Stadium,India City,Australia,field,H Pandya,CM Brown,J Madanagopal,JS Wilson,RB Richardson,Australia,25,0,Group,100,1
100,1,18.1,India,Australia,S Gill,R Sharma,4,0,0,1,0,4,G Maxwell,not out,0,0,0,0,0,YES,y shashank,India,Australia,10-06-2024,India Stadium,India City,Australia,field,H Pandya,AT Holdstock,Rashid Riaz,HDPK Dharmasena,J Srinath,Australia,15,3,Group,100,1
100,1,19.6,Australia,India,M Starc,S Smith,1,1,1,0,0,2,R Sharma,not out,0,0,0,0,0,NO,y shashank,India,Australia,10-06-2024,India Stadium,India City,Australia,bat,H Pandya,RK Illingworth,SJ Nogajski,PR Reiffel,RS Madugalle,Australia,100,0,Group,100,1
100,1,16.7,India,Australia,S Gill,H Pandya,1,0,1,0,0,1,G Maxwell,not out,0,0,0,0,0,NO,y shashank,India,Australia,10-06-2024,India Stadium,India City,Australia,field,H Pandya,Ahsan Raza,HDPK Dharmasena,AT Holdstock,J Srinath,Australia,84,0,Group,100,1
100,2,16.1,India,Australia,V Kohli,R Sharma,0,0,0,0,0,0,M Marsh,dot,0,0,0,0,0,NO,y shashank,India,Australia,10-06-2024,India Stadium,India City,Australia,field,H Pandya,AG Wharf,MA Gough,Ahsan Raza,DC Boon,Australia,15,7,Group,100,1
100,2,17.2,India,Australia,S Gill,S Gill,1,0,1,0,0,1,M Starc,not out,0,0,0,0,0,NO,y shashank,India,Australia,10-06-2024,India Stadium,India City,Australia,field,H Pandya,MA Gough,RK Illingworth,AT Holdstock,RB Richardson,Australia,28,0,Group,100,1
100,1,19.1,India,Australia,J Bumrah,V Kohli,4,0,0,1,0,4,M Starc,not out,0,0,0,0,0,YES,y shashank,India,Australia,10-06-2024,India Stadium,India City,Australia,field,H Pandya,Ahsan Raza,SJ Nogajski,HDPK Dharmasena,RB Richardson,Australia,21,0,Group,100,1
100,2,7.3,India,Australia,H Pandya,J Bumrah,2,0,2,0,0,2,S Smith,not out,0,0,0,0,0,NO,y shashank,India,Australia,10-06-2024,India Stadium,India City,Australia,field,H Pandya,CB Gaffaney,JS Wilson,A Paleker,DC Boon,Australia,15,10,Group,100,1
100,1,15.4,India,Australia,H Pandya,J Bumrah,0,0,0,0,0,0,S Smith,dot,0,0,0,0,0,NO,y shashank,India,Australia,10-06-2024,India Stadium,India City,Australia,field,H Pandya,J Madanagopal,JS Wilson,Asif Yaqoob,RS Madugalle,Australia,15,0,Group,100,1
100,2,13.5,Australia,India,G Maxwell,S Smith,0,0,0,0,0,0,R Sharma,dot,0,0,0,0,0,NO,y shashank,India,Australia,10-06-2024,India Stadium,India City,Australia,bat,H Pandya,CM Brown,RA Kettleborough,AG Wharf,JJ Crowe,Australia,15,6,Group,100,1
100,1,2.6,India,Australia,V Kohli,H Pandya,2,0,2,0,0,2,S Smith,not out,0,0,0,0,0,NO,y shashank,India,Australia,10-06-2024,India Stadium,India City,Australia,field,H Pandya,Asif Yaqoob,MA Gough,A Paleker,JJ Crowe,Australia,15,5,Group,100,1
100,2,9.1,Australia,India,D Warner,S Smith,0,0,0,0,0,0,R Sharma,dot,0,0,0,0,0,NO,y shashank,India,Australia,10-06-2024,India Stadium,India City,Australia,field,H Pandya,CB Gaffaney,JS Wilson,A Paleker,DC Boon,Australia,15,10,Group,100,1
100,1,4.3,India,Australia,V Kohli,R Sharma,1,0,1,0,0,1,D Warner,not out,0,0,0,0,0,NO,y shashank,India,Australia,10-06-2024,India Stadium,India City,Australia,field,H Pandya,A Paleker,PR Reiffel,AG Wharf,DC Boon,Australia,15,9,Group,100,1
100,1,19.6,India,Australia,J Bumrah,R Sharma,1,1,1,0,0,2,G Maxwell,not out,0,0,0,0,0,NO,y shashank,India,Australia,10-06-2024,India Stadium,India City,Australia,field,H Pandya,RK Illingworth,RJ Tucker,Sharfuddoula,DC Boon,Australia,5,0,Group,100,1
100,1,6.3,India,Australia,R Sharma,S Gill,4,0,0,1,0,4,M Starc,not out,0,0,0,0,0,YES,y shashank,India,Australia,10-06-2024,India Stadium,India City,Australia,field,H Pandya,Asif Yaqoob,L Rusere,Rashid Riaz,AJ Pycroft,Australia,15,8,Group,100,1
100,1,14.2,India,Australia,V Kohli,R Sharma,0,0,0,0,0,0,G Maxwell,dot,0,0,0,0,0,NO,y shashank,India,Australia,10-06-2024,India Stadium,India City,Australia,field,H Pandya,Nitin Menon,Rashid Riaz,A Paleker,J Srinath,Australia,15,9,Group,100,1
100,2,4.5,India,Australia,S Gill,J Bumrah,1,0,1,0,0,1,M Marsh,not out,0,0,0,0,0,NO,y shashank,India,Australia,10-06-2024,India Stadium,India City,Australia,bat,H Pandya,CB Gaffaney,RK Illingworth,RJ Tucker,RB Richardson,Australia,2,0,Final,100,1
100,1,1.1,Australia,India,M Starc,M Starc,1,0,1,0,0,1,V Kohli,not out,0,0,0,0,0,NO,y shashank,India,Australia,10-06-2024,India Stadium,India City,Australia,bat,H Pandya,L Rusere,Nitin Menon,Ahsan Raza,RB Richardson,Australia,122,0,Group,100,1
100,2,9.6,India,Australia,H Pandya,S Gill,0,0,0,0,0,0,M Starc,dot,0,0,0,0,0,NO,y shashank,India,Australia,10-06-2024,India Stadium,India City,Australia,field,H Pandya,Asif Yaqoob,MA Gough,A Paleker,JJ Crowe,Australia,15,5,Group,100,1
100,1,11.2,India,Australia,H Pandya,R Sharma,1,0,1,0,0,1,S Smith,not out,0,0,0,0,0,NO,y shashank,India,Australia,10-06-2024,India Stadium,India City,Australia,field,H Pandya,CM Brown,Sharfuddoula,CB Gaffaney,JJ Crowe,Australia,2,0,Group,100,1
100,2,2.3,Australia,India,G Maxwell,G Maxwell,4,0,0,1,0,4,V Kohli,not out,0,0,0,0,0,YES,y shashank,India,Australia,10-06-2024,India Stadium,India City,Australia,field,H Pandya,RK Illingworth,RA Kettleborough,HDPK Dharmasena,JJ Crowe,Australia,24,0,Group,100,1
100,1,4.2,India,Australia,S Gill,J Bumrah,0,0,0,0,0,0,M Marsh,dot,0,0,0,0,0,NO,y shashank,India,Australia,10-06-2024,India Stadium,India City,Australia,field,H Pandya,Asif Yaqoob,JS Wilson,Nitin Menon,RS Madugalle,Australia,39,0,Group,100,1
101,2,16.2,Australia,India,S Smith,D Warner,1,0,1,0,0,1,S Gill,not out,0,0,0,0,0,NO,y shashank,India,Australia,11-06-2024,India Stadium,India City,Australia,field,S Smith,L Rusere,RJ Tucker,RK Illingworth,RB Richardson,India,15,6,Group,101,1
101,1,8.5,India,Australia,R Sharma,V Kohli,0,0,0,0,0,0,D Warner,caught,1,0,0,0,1,NO,H Hiri,India,Australia,11-06-2024,India Stadium,India City,Australia,bat,S Smith,RK Illingworth,SJ Nogajski,PR Reiffel,RS Madugalle,India,100,0,Group,101,1
101,2,9.4,India,Australia,R Sharma,R Sharma,0,0,0,0,0,0,G Maxwell,dot,0,0,0,0,0,NO,y shashank,India,Australia,11-06-2024,India Stadium,India City,Australia,field,S Smith,AG Wharf,CB Gaffaney,CM Brown,DC Boon,India,15,8,Group,101,1
101,2,10.4,India,Australia,S Gill,V Kohli,0,0,0,0,0,0,M Starc,dot,0,0,0,0,0,NO,y shashank,India,Australia,11-06-2024,India Stadium,India City,Australia,field,S Smith,RK Illingworth,RA Kettleborough,HDPK Dharmasena,JJ Crowe,India,24,0,Group,101,1
101,2,12.3,Australia,India,M Starc,M Marsh,0,0,0,0,0,0,V Kohli,dot,0,0,0,0,0,NO,y shashank,India,Australia,11-06-2024,India Stadium,India City,Australia,field,S Smith,PR Reiffel,SJ Nogajski,AT Holdstock,RS Madugalle,India,15,7,Group,101,1
101,1,1.3,Australia,India,M Marsh,M Starc,3,0,3,0,0,3,H Pandya,not out,0,0,0,0,0,NO,y shashank,India,Australia,11-06-2024,India Stadium,India City,Australia,field,S Smith,Ahsan Raza,HDPK Dharmasena,AT Holdstock,J Srinath,India,84,0,Group,101,1
101,1,9.2,India,Australia,R Sharma,V Kohli,1,0,1,0,0,1,G Maxwell,not out,0,0,0,0,0,NO,y shashank,India,Australia,11-06-2024,India Stadium,India City,Australia,field,S Smith,MA Gough,RK Illingworth,AT Holdstock,RB Richardson,India,28,0,Group,101,1
101,1,6.4,Australia,India,D Warner,S Smith,0,0,0,0,0,0,S Gill,dot,0,0,0,0,0,NO,y shashank,India,Australia,11-06-2024,India Stadium,India City,Australia,field,S Smith,RK Illingworth,Sharfuddoula,L Rusere,RB Richardson,India,15,7,Group,101,1
101,2,2.2,India,Australia,V Kohli,H Pandya,0,0,0,0,0,0,G Maxwell,dot,0,0,0,0,0,NO,y shashank,India,Australia,11-06-2024,India Stadium,India City,Australia,field,S Smith,RA Kettleborough,SJ Nogajski,CB Gaffaney,RB Richardson,India,53,0,Group,101,1
101,1,12.3,India,Australia,H Pandya,J Bumrah,0,0,0,0,0,0,D Warner,dot,0,0,0,0,0,NO,y shashank,India,Australia,11-06-2024,India Stadium,India City,Australia,bat,S Smith,CM Brown,RA Kettleborough,AG Wharf,JJ Crowe,India,15,6,Group,101,1
101,2,16.3,India,Australia,H Pandya,R Sharma,0,0,0,0,0,0,M Marsh,dot,0,0,0,0,0,NO,y shashank,India,Australia,11-06-2024,India Stadium,India City,Australia,field,S Smith,A Paleker,MA Gough,RJ Tucker,JJ Crowe,India,15,0,Group,101,1
101,1,17.5,India,Australia,R Sharma,R Sharma,1,0,1,0,0,1,G Maxwell,not out,0,0,0,0,0,NO,y shashank,India,Australia,11-06-2024,India Stadium,India City,Australia,field,S Smith,AG Wharf,A Paleker,Asif Yaqoob,JJ Crowe,India,83,0,Group,101,1
101,1,9.6,India,Australia,S Gill,J Bumrah,1,0,1,0,0,1,M Marsh,not out,0,0,0,0,0,NO,y shashank,India,Australia,11-06-2024,India Stadium,India City,Australia,field,S Smith,AG Wharf,MA Gough,Ahsan Raza,DC Boon,India,15,7,Group,101,1
101,1,3.7,Australia,India,M Starc,D Warner,0,0,0,0,0,0,S Gill,dot,0,0,0,0,0,NO,y shashank,India,Australia,11-06-2024,India Stadium,India City,Australia,bat,S Smith,CB Gaffaney,RK Illingworth,RJ Tucker,RB Richardson,India,2,0,Final,101,1
101,1,12.3,Australia,India,D Warner,G Maxwell,0,0,0,0,0,0,J Bumrah,dot,0,0,0,0,0,NO,y shashank,India,Australia,11-06-2024,India Stadium,India City,Australia,field,S Smith,AG Wharf,CB Gaffaney,CM Brown,DC Boon,India,15,8,Group,101,1
101,1,7.2,Australia,India,G Maxwell,D Warner,0,0,0,0,0,0,S Gill,dot,0,0,0,0,0,NO,y shashank,India,Australia,11-06-2024,India Stadium,India City,Australia,field,S Smith,AT Holdstock,Rashid Riaz,HDPK Dharmasena,J Srinath,India,15,3,Group,101,1
101,2,2.5,India,Australia,J Bumrah,R Sharma,0,0,0,0,0,0,G Maxwell,dot,0,0,0,0,0,NO,y shashank,India,Australia,11-06-2024,India Stadium,India City,Australia,field,S Smith,PR Reiffel,RK Illingworth,Ahsan Raza,DC Boon,India,15,9,Group,101,1
101,1,14.4,India,Australia,S Gill,S Gill,1,0,1,0,0,1,S Smith,not out,0,0,0,0,0,NO,y shashank,India,Australia,11-06-2024,India Stadium,India City,Australia,bat,S Smith,Nitin Menon,RK Illingworth,Ahsan Raza,RB Richardson,India,15,9,Semi Final,101,1
101,1,7.3,India,Australia,H Pandya,J Bumrah,1,0,1,0,0,1,D Warner,not out,0,0,0,0,0,NO,y shashank,India,Australia,11-06-2024,India Stadium,India City,Australia,field,S Smith,Ahsan Raza,Nitin Menon,CM Brown,JJ Crowe,India,15,8,Group,101,1
101,1,14.5,India,Australia,R Sharma,J Bumrah,1,0,1,0,0,1,M Starc,not out,0,0,0,0,0,NO,y shashank,India,Australia,11-06-2024,India Stadium,India City,Australia,field,S Smith,Ahsan Raza,Nitin Menon,CM Brown,JJ Crowe,India,15,8,Group,101,1
101,1,17.3,Australia,India,M Marsh,D Warner,4,0,0,1,0,4,H Pandya,not out,0,0,0,0,0,YES,y shashank,India,Australia,11-06-2024,India Stadium,India City,Australia,field,S Smith,A Paleker,CM Brown,MA Gough,JJ Crowe,India,104,0,Group,101,1
101,2,3.5,India,Australia,H Pandya,S Gill,4,0,0,1,0,4,G Maxwell,not out,0,0,0,0,0,YES,y shashank,India,Australia,11-06-2024,India Stadium,India City,Australia,field,S Smith,CM Brown,J Madanagopal,JS Wilson,RB Richardson,India,25,0,Group,101,1
101,1,11.4,India,Australia,J Bumrah,V Kohli,0,1,0,0,0,1,G Maxwell,not out,0,0,0,0,0,NO,y shashank,India,Australia,11-06-2024,India Stadium,India City,Australia,field,S Smith,L Rusere,PR Reiffel,RK Illingworth,DC Boon,India,15,7,Group,101,1
101,1,17.2,India,Australia,V Kohli,V Kohli,1,0,1,0,0,1,M Starc,not out,0,0,0,0,0,NO,y shashank,India,Australia,11-06-2024,India Stadium,India City,Australia,field,S Smith,Ahsan Raza,HDPK Dharmasena,AT Holdstock,J Srinath,India,84,0,Group,101,1
101,1,19.3,India,Australia,R Sharma,J Bumrah,0,0,0,0,0,0,S Smith,run out,0,0,0,1,1,NO,A Nao,India,Australia,11-06-2024,India Stadium,India City,Australia,field,S Smith,AG Wharf,A Paleker,Asif Yaqoob,JJ Crowe,India,83,0,Group,101,1
101,2,17.6,Australia,India,D Warner,G Maxwell,4,0,0,1,0,4,H Pandya,not out,0,0,0,0,0,YES,y shashank,India,Australia,11-06-2024,India Stadium,India City,Australia,bat,S Smith,PR Reiffel,RJ Tucker,AG Wharf,DC Boon,India,47,0,Group,101,1
101,1,17.4,India,Australia,H Pandya,S Gill,3,0,3,0,0,3,M Marsh,not out,0,0,0,0,0,NO,y shashank,India,Australia,11-06-2024,India Stadium,India City,Australia,field,S Smith,J Madanagopal,JS Wilson,SJ Nogajski,RB Richardson,India,112,0,Group,101,1
101,1,12.5,India,Australia,S Gill,S Gill,4,0,0,1,0,4,G Maxwell,not out,0,0,0,0,0,YES,y shashank,India,Australia,11-06-2024,India Stadium,India City,Australia,field,S Smith,AT Holdstock,HDPK Dharmasena,PR Reiffel,RS Madugalle,India,15,7,Group,101,1
101,2,14.6,Australia,India,M Marsh,S Smith,1,0,1,0,0,1,V Kohli,not out,0,0,0,0,0,NO,y shashank,India,Australia,11-06-2024,India Stadium,India City,Australia,field,S Smith,CM Brown,J Madanagopal,JS Wilson,RB Richardson,India,25,0,Group,101,1
101,1,18.1,India,Australia,H Pandya,R Sharma,4,0,0,1,0,4,S Smith,not out,0,0,0,0,0,YES,y shashank,India,Australia,11-06-2024,India Stadium,India City,Australia,field,S Smith,AT Holdstock,Rashid Riaz,HDPK Dharmasena,J Srinath,India,15,3,Group,101,1
101,1,19.6,Australia,India,G Maxwell,G Maxwell,1,1,1,0,0,2,R Sharma,not out,0,0,0,0,0,NO,y shashank,India,Australia,11-06-2024,India Stadium,India City,Australia,bat,S Smith,RK Illingworth,SJ Nogajski,PR Reiffel,RS Madugalle,India,100,0,Group,101,1
101,1,16.7,India,Australia,H Pandya,R Sharma,1,0,1,0,0,1,S Smith,not out,0,0,0,0,0,NO,y shashank,India,Australia,11-06-2024,India Stadium,India City,Australia,field,S Smith,Ahsan Raza,HDPK Dharmasena,AT Holdstock,J Srinath,India,84,0,Group,101,1
101,2,16.1,India,Australia,H Pandya,J Bumrah,0,0,0,0,0,0,M Marsh,dot,0,0,0,0,0,NO,y shashank,India,Australia,11-06-2024,India Stadium,India City,Australia,field,S Smith,AG Wharf,MA Gough,Ahsan Raza,DC Boon,India,15,7,Group,101,1
101,2,17.2,Australia,India,D Warner,G Maxwell,1,0,1,0,0,1,R Sharma,not out,0,0,0,0,0,NO,y shashank,India,Australia,11-06-2024,India Stadium,India City,Australia,field,S Smith,MA Gough,RK Illingworth,AT Holdstock,RB Richardson,India,28,0,Group,101,1
101,1,19.1,India,Australia,R Sharma,H Pandya,4,0,0,1,0,4,M Marsh,not out,0,0,0,0,0,YES,y shashank,India,Australia,11-06-2024,India Stadium,India City,Australia,field,S Smith,Ahsan Raza,SJ Nogajski,HDPK Dharmasena,RB Richardson,India,21,0,Group,101,1
101,2,7.3,India,Australia,S Gill,V Kohli,2,0,2,0,0,2,S Smith,not out,0,0,0,0,0,NO,y shashank,India,Australia,11-06-2024,India Stadium,India City,Australia,field,S Smith,CB Gaffaney,JS Wilson,A Paleker,DC Boon,India,15,10,Group,101,1
101,1,15.4,Australia,India,G Maxwell,S Smith,0,0,0,0,0,0,J Bumrah,dot,0,0,0,0,0,NO,y shashank,India,Australia,11-06-2024,India Stadium,India City,Australia,field,S Smith,J Madanagopal,JS Wilson,Asif Yaqoob,RS Madugalle,India,15,0,Group,101,1
101,2,13.5,India,Australia,H Pandya,S Gill,0,0,0,0,0,0,S Smith,dot,0,0,0,0,0,NO,y shashank,India,Australia,11-06-2024,India Stadium,India City,Australia,bat,S Smith,CM Brown,RA Kettleborough,AG Wharf,JJ Crowe,India,15,6,Group,101,1
101,1,2.6,Australia,India,M Marsh,S Smith,2,0,2,0,0,2,S Gill,not out,0,0,0,0,0,NO,y shashank,India,Australia,11-06-2024,India Stadium,India City,Australia,field,S Smith,Asif Yaqoob,MA Gough,A Paleker,JJ Crowe,India,15,5,Group,101,1
101,2,9.1,India,Australia,J Bumrah,H Pandya,0,0,0,0,0,0,G Maxwell,dot,0,0,0,0,0,NO,y shashank,India,Australia,11-06-2024,India Stadium,India City,Australia,field,S Smith,CB Gaffaney,JS Wilson,A Paleker,DC Boon,India,15,10,Group,101,1
101,1,4.3,India,Australia,H Pandya,H Pandya,1,0,1,0,0,1,M Starc,not out,0,0,0,0,0,NO,y shashank,India,Australia,11-06-2024,India Stadium,India City,Australia,field,S Smith,A Paleker,PR Reiffel,AG Wharf,DC Boon,India,15,9,Group,101,1
101,1,19.6,Australia,India,M Marsh,G Maxwell,1,1,1,0,0,2,S Gill,not out,0,0,0,0,0,NO,y shashank,India,Australia,11-06-2024,India Stadium,India City,Australia,field,S Smith,RK Illingworth,RJ Tucker,Sharfuddoula,DC Boon,India,5,0,Group,101,1
101,1,6.3,Australia,India,D Warner,D Warner,4,0,0,1,0,4,V Kohli,not out,0,0,0,0,0,YES,y shashank,India,Australia,11-06-2024,India Stadium,India City,Australia,field,S Smith,Asif Yaqoob,L Rusere,Rashid Riaz,AJ Pycroft,India,15,8,Group,101,1
101,1,14.2,India,Australia,V Kohli,R Sharma,0,0,0,0,0,0,D Warner,dot,0,0,0,0,0,NO,y shashank,India,Australia,11-06-2024,India Stadium,India City,Australia,field,S Smith,Nitin Menon,Rashid Riaz,A Paleker,J Srinath,India,15,9,Group,101,1
101,2,4.5,India,Australia,J Bumrah,J Bumrah,1,0,1,0,0,1,M Marsh,not out,0,0,0,0,0,NO,y shashank,India,Australia,11-06-2024,India Stadium,India City,Australia,bat,S Smith,CB Gaffaney,RK Illingworth,RJ Tucker,RB Richardson,India,2,0,Final,101,1
101,1,1.1,India,Australia,V Kohli,J Bumrah,1,0,1,0,0,1,D Warner,not out,0,0,0,0,0,NO,y shashank,India,Australia,11-06-2024,India Stadium,India City,Australia,bat,S Smith,L Rusere,Nitin Menon,Ahsan Raza,RB Richardson,India,122,0,Group,101,1
101,2,9.6,Australia,India,G Maxwell,M Starc,0,0,0,0,0,0,S Gill,dot,0,0,0,0,0,NO,y shashank,India,Australia,11-06-2024,India Stadium,India City,Australia,field,S Smith,Asif Yaqoob,MA Gough,A Paleker,JJ Crowe,India,15,5,Group,101,1
101,1,11.2,India,Australia,J Bumrah,J Bumrah,1,0,1,0,0,1,M Starc,not out,0,0,0,0,0,NO,y shashank,India,Australia,11-06-2024,India Stadium,India City,Australia,field,S Smith,CM Brown,Sharfuddoula,CB Gaffaney,JJ Crowe,India,2,0,Group,101,1
101,2,2.3,India,Australia,R Sharma,V Kohli,4,0,0,1,0,4,S Smith,not out,0,0,0,0,0,YES,y shashank,India,Australia,11-06-2024,India Stadium,India City,Australia,field,S Smith,RK Illingworth,RA Kettleborough,HDPK Dharmasena,JJ Crowe,India,24,0,Group,101,1
101,1,4.2,Australia,India,S Smith,G Maxwell,0,0,0,0,0,0,R Sharma,dot,0,0,0,0,0,NO,y shashank,India,Australia,11-06-2024,India Stadium,India City,Australia,field,S Smith,Asif Yaqoob,JS Wilson,Nitin Menon,RS Madugalle,India,39,0,Group,101,1
102,2,16.2,England,South Africa,M Wood,H Brook,1,0,1,0,0,1,A Nortje,not out,0,0,0,0,0,NO,y shashank,England,South Africa,12-06-2024,England Stadium,England City,South Africa,field,J Archer,L Rusere,RJ Tucker,RK Illingworth,RB Richardson,England,15,6,Group,102,1
102,1,8.5,England,South Africa,J Buttler,J Archer,0,0,0,0,0,0,A Nortje,caught,1,0,0,0,1,NO,H Hiri,England,South Africa,12-06-2024,England Stadium,England City,South Africa,bat,J Archer,RK Illingworth,SJ Nogajski,PR Reiffel,RS Madugalle,England,100,0,Group,102,1
102,2,9.4,England,South Africa,J Buttler,J Buttler,0,0,0,0,0,0,K Rabada,dot,0,0,0,0,0,NO,y shashank,England,South Africa,12-06-2024,England Stadium,England City,South Africa,field,J Archer,AG Wharf,CB Gaffaney,CM Brown,DC Boon,England,15,8,Group,102,1
102,2,10.4,South Africa,England,T Bavuma,T Bavuma,0,0,0,0,0,0,J Buttler,dot,0,0,0,0,0,NO,y shashank,England,South Africa,12-06-2024,England Stadium,England City,South Africa,field,J Archer,RK Illingworth,RA Kettleborough,HDPK Dharmasena,JJ Crowe,England,24,0,Group,102,1
102,2,12.3,South Africa,England,A Nortje,T Bavuma,0,0,0,0,0,0,J Archer,dot,0,0,0,0,0,NO,y shashank,England,South Africa,12-06-2024,England Stadium,England City,South Africa,field,J Archer,PR Reiffel,SJ Nogajski,AT Holdstock,RS Madugalle,England,15,7,Group,102,1
102,1,1.3,England,South Africa,J Buttler,M Wood,3,0,3,0,0,3,D Miller,not out,0,0,0,0,0,NO,y shashank,England,South Africa,12-06-2024,England Stadium,England City,South Africa,field,J Archer,Ahsan Raza,HDPK Dharmasena,AT Holdstock,J Srinath,England,84,0,Group,102,1
102,1,9.2,South Africa,England,D Miller,A Nortje,1,0,1,0,0,1,J Archer,not out,0,0,0,0,0,NO,y shashank,England,South Africa,12-06-2024,England Stadium,England City,South Africa,field,J Archer,MA Gough,RK Illingworth,AT Holdstock,RB Richardson,England,28,0,Group,102,1
102,1,6.4,South Africa,England,Q de Kock,Q de Kock,0,0,0,0,0,0,B Stokes,dot,0,0,0,0,0,NO,y shashank,England,South Africa,12-06-2024,England Stadium,England City,South Africa,field,J Archer,RK Illingworth,Sharfuddoula,L Rusere,RB Richardson,England,15,7,Group,102,1
102,2,2.2,South Africa,England,A Nortje,D Miller,0,0,0,0,0,0,H Brook,dot,0,0,0,0,0,NO,y shashank,England,South Africa,12-06-2024,England Stadium,England City,South Africa,field,J Archer,RA Kettleborough,SJ Nogajski,CB Gaffaney,RB Richardson,England,53,0,Group,102,1
102,1,12.3,England,South Africa,J Archer,J Buttler,0,0,0,0,0,0,D Miller,dot,0,0,0,0,0,NO,y shashank,England,South Africa,12-06-2024,England Stadium,England City,South Africa,bat,J Archer,CM Brown,RA Kettleborough,AG Wharf,JJ Crowe,England,15,6,Group,102,1
102,2,16.3,England,South Africa,H Brook,M Wood,0,0,0,0,0,0,D Miller,dot,0,0,0,0,0,NO,y shashank,England,South Africa,12-06-2024,England Stadium,England City,South Africa,field,J Archer,A Paleker,MA Gough,RJ Tucker,JJ Crowe,England,15,0,Group,102,1
102,1,17.5,South Africa,England,Q de Kock,A Nortje,1,0,1,0,0,1,M Wood,not out,0,0,0,0,0,NO,y shashank,England,South Africa,12-06-2024,England Stadium,England City,South Africa,field,J Archer,AG Wharf,A Paleker,Asif Yaqoob,JJ Crowe,England,83,0,Group,102,1
102,1,9.6,South Africa,England,A Nortje,D Miller,1,0,1,0,0,1,J Buttler,not out,0,0,0,0,0,NO,y shashank,England,South Africa,12-06-2024,England Stadium,England City,South Africa,field,J Archer,AG Wharf,MA Gough,Ahsan Raza,DC Boon,England,15,7,Group,102,1
102,1,3.7,South Africa,England,D Miller,Q de Kock,0,0,0,0,0,0,H Brook,dot,0,0,0,0,0,NO,y shashank,England,South Africa,12-06-2024,England Stadium,England City,South Africa,bat,J Archer,CB Gaffaney,RK Illingworth,RJ Tucker,RB Richardson,England,2,0,Final,102,1
102,1,12.3,South Africa,England,D Miller,A Nortje,0,0,0,0,0,0,H Brook,dot,0,0,0,0,0,NO,y shashank,England,South Africa,12-06-2024,England Stadium,England City,South Africa,field,J Archer,AG Wharf,CB Gaffaney,CM Brown,DC Boon,England,15,8,Group,102,1
102,1,7.2,South Africa,England,K Rabada,A Nortje,0,0,0,0,0,0,H Brook,dot,0,0,0,0,0,NO,y shashank,England,South Africa,12-06-2024,England Stadium,England City,South Africa,field,J Archer,AT Holdstock,Rashid Riaz,HDPK Dharmasena,J Srinath,England,15,3,Group,102,1
102,2,2.5,South Africa,England,K Rabada,A Nortje,0,0,0,0,0,0,M Wood,dot,0,0,0,0,0,NO,y shashank,England,South Africa,12-06-2024,England Stadium,England City,South Africa,field,J Archer,PR Reiffel,RK Illingworth,Ahsan Raza,DC Boon,England,15,9,Group,102,1
102,1,14.4,South Africa,England,D Miller,A Nortje,1,0,1,0,0,1,H Brook,not out,0,0,0,0,0,NO,y shashank,England,South Africa,12-06-2024,England Stadium,England City,South Africa,bat,J Archer,Nitin Menon,RK Illingworth,Ahsan Raza,RB Richardson,England,15,9,Semi Final,102,1
102,1,7.3,South Africa,England,T Bavuma,A Nortje,1,0,1,0,0,1,B Stokes,not out,0,0,0,0,0,NO,y shashank,England,South Africa,12-06-2024,England Stadium,England City,South Africa,field,J Archer,Ahsan Raza,Nitin Menon,CM Brown,JJ Crowe,England,15,8,Group,102,1
102,1,14.5,England,South Africa,J Buttler,M Wood,1,0,1,0,0,1,Q de Kock,not out,0,0,0,0,0,NO,y shashank,England,South Africa,12-06-2024,England Stadium,England City,South Africa,field,J Archer,Ahsan Raza,Nitin Menon,CM Brown,JJ Crowe,England,15,8,Group,102,1
102,1,17.3,South Africa,England,D Miller,D Miller,4,0,0,1,0,4,J Buttler,not out,0,0,0,0,0,YES,y shashank,England,South Africa,12-06-2024,England Stadium,England City,South Africa,field,J Archer,A Paleker,CM Brown,MA Gough,JJ Crowe,England,104,0,Group,102,1
102,2,3.5,England,South Africa,J Archer,J Archer,4,0,0,1,0,4,A Nortje,not out,0,0,0,0,0,YES,y shashank,England,South Africa,12-06-2024,England Stadium,England City,South Africa,field,J Archer,CM Brown,J Madanagopal,JS Wilson,RB Richardson,England,25,0,Group,102,1
102,1,11.4,South Africa,England,A Nortje,K Rabada,0,1,0,0,0,1,B Stokes,not out,0,0,0,0,0,NO,y shashank,England,South Africa,12-06-2024,England Stadium,England City,South Africa,field,J Archer,L Rusere,PR Reiffel,RK Illingworth,DC Boon,England,15,7,Group,102,1
102,1,17.2,South Africa,England,A Nortje,K Rabada,1,0,1,0,0,1,H Brook,not out,0,0,0,0,0,NO,y shashank,England,South Africa,12-06-2024,England Stadium,England City,South Africa,field,J Archer,Ahsan Raza,HDPK Dharmasena,AT Holdstock,J Srinath,England,84,0,Group,102,1
102,1,19.3,England,South Africa,M Wood,B Stokes,0,0,0,0,0,0,K Rabada,run out,0,0,0,1,1,NO,A Nao,England,South Africa,12-06-2024,England Stadium,England City,South Africa,field,J Archer,AG Wharf,A Paleker,Asif Yaqoob,JJ Crowe,England,83,0,Group,102,1
102,2,17.6,England,South Africa,M Wood,H Brook,4,0,0,1,0,4,Q de Kock,not out,0,0,0,0,0,YES,y shashank,England,South Africa,12-06-2024,England Stadium,England City,South Africa,bat,J Archer,PR Reiffel,RJ Tucker,AG Wharf,DC Boon,England,47,0,Group,102,1
102,1,17.4,South Africa,England,Q de Kock,D Miller,3,0,3,0,0,3,M Wood,not out,0,0,0,0,0,NO,y shashank,England,South Africa,12-06-2024,England Stadium,England City,South Africa,field,J Archer,J Madanagopal,JS Wilson,SJ Nogajski,RB Richardson,England,112,0,Group,102,1
102,1,12.5,South Africa,England,T Bavuma,T Bavuma,4,0,0,1,0,4,J Buttler,not out,0,0,0,0,0,YES,y shashank,England,South Africa,12-06-2024,England Stadium,England City,South Africa,field,J Archer,AT Holdstock,HDPK Dharmasena,PR Reiffel,RS Madugalle,England,15,7,Group,102,1
102,2,14.6,South Africa,England,K Rabada,T Bavuma,1,0,1,0,0,1,H Brook,not out,0,0,0,0,0,NO,y shashank,England,South Africa,12-06-2024,England Stadium,England City,South Africa,field,J Archer,CM Brown,J Madanagopal,JS Wilson,RB Richardson,England,25,0,Group,102,1
102,1,18.1,England,South Africa,J Buttler,M Wood,4,0,0,1,0,4,A Nortje,not out,0,0,0,0,0,YES,y shashank,England,South Africa,12-06-2024,England Stadium,England City,South Africa,field,J Archer,AT Holdstock,Rashid Riaz,HDPK Dharmasena,J Srinath,England,15,3,Group,102,1
102,1,19.6,South Africa,England,T Bavuma,A Nortje,1,1,1,0,0,2,H Brook,not out,0,0,0,0,0,NO,y shashank,England,South Africa,12-06-2024,England Stadium,England City,South Africa,bat,J Archer,RK Illingworth,SJ Nogajski,PR Reiffel,RS Madugalle,England,100,0,Group,102,1
102,1,16.7,England,South Africa,J Archer,M Wood,1,0,1,0,0,1,T Bavuma,not out,0,0,0,0,0,NO,y shashank,England,South Africa,12-06-2024,England Stadium,England City,South Africa,field,J Archer,Ahsan Raza,HDPK Dharmasena,AT Holdstock,J Srinath,England,84,0,Group,102,1
102,2,16.1,South Africa,England,A Nortje,T Bavuma,0,0,0,0,0,0,J Buttler,dot,0,0,0,0,0,NO,y shashank,England,South Africa,12-06-2024,England Stadium,England City,South Africa,field,J Archer,AG Wharf,MA Gough,Ahsan Raza,DC Boon,England,15,7,Group,102,1
102,2,17.2,South Africa,England,D Miller,T Bavuma,1,0,1,0,0,1,J Archer,not out,0,0,0,0,0,NO,y shashank,England,South Africa,12-06-2024,England Stadium,England City,South Africa,field,J Archer,MA Gough,RK Illingworth,AT Holdstock,RB Richardson,England,28,0,Group,102,1
102,1,19.1,England,South Africa,H Brook,J Archer,4,0,0,1,0,4,T Bavuma,not out,0,0,0,0,0,YES,y shashank,England,South Africa,12-06-2024,England Stadium,England City,South Africa,field,J Archer,Ahsan Raza,SJ Nogajski,HDPK Dharmasena,RB Richardson,England,21,0,Group,102,1
102,2,7.3,England,South Africa,M Wood,J Archer,2,0,2,0,0,2,Q de Kock,not out,0,0,0,0,0,NO,y shashank,England,South Africa,12-06-2024,England Stadium,England City,South Africa,field,J Archer,CB Gaffaney,JS Wilson,A Paleker,DC Boon,England,15,10,Group,102,1
102,1,15.4,South Africa,England,T Bavuma,D Miller,0,0,0,0,0,0,B Stokes,dot,0,0,0,0,0,NO,y shashank,England,South Africa,12-06-2024,England Stadium,England City,South Africa,field,J Archer,J Madanagopal,JS Wilson,Asif Yaqoob,RS Madugalle,England,15,0,Group,102,1
102,2,13.5,England,South Africa,M Wood,H Brook,0,0,0,0,0,0,Q de Kock,dot,0,0,0,0,0,NO,y shashank,England,South Africa,12-06-2024,England Stadium,England City,South Africa,bat,J Archer,CM Brown,RA Kettleborough,AG Wharf,JJ Crowe,England,15,6,Group,102,1
102,1,2.6,England,South Africa,H Brook,H Brook,2,0,2,0,0,2,K Rabada,not out,0,0,0,0,0,NO,y shashank,England,South Africa,12-06-2024,England Stadium,England City,South Africa,field,J Archer,Asif Yaqoob,MA Gough,A Paleker,JJ Crowe,England,15,5,Group,102,1
102,2,9.1,England,South Africa,H Brook,J Archer,0,0,0,0,0,0,A Nortje,dot,0,0,0,0,0,NO,y shashank,England,South Africa,12-06-2024,England Stadium,England City,South Africa,field,J Archer,CB Gaffaney,JS Wilson,A Paleker,DC Boon,England,15,10,Group,102,1
102,1,4.3,England,South Africa,H Brook,H Brook,1,0,1,0,0,1,A Nortje,not out,0,0,0,0,0,NO,y shashank,England,South Africa,12-06-2024,England Stadium,England City,South Africa,field,J Archer,A Paleker,PR Reiffel,AG Wharf,DC Boon,England,15,9,Group,102,1
102,1,19.6,South Africa,England,K Rabada,D Miller,1,1,1,0,0,2,B Stokes,not out,0,0,0,0,0,NO,y shashank,England,South Africa,12-06-2024,England Stadium,England City,South Africa,field,J Archer,RK Illingworth,RJ Tucker,Sharfuddoula,DC Boon,England,5,0,Group,102,1
102,1,6.3,South Africa,England,Q de Kock,D Miller,4,0,0,1,0,4,B Stokes,not out,0,0,0,0,0,YES,y shashank,England,South Africa,12-06-2024,England Stadium,England City,South Africa,field,J Archer,Asif Yaqoob,L Rusere,Rashid Riaz,AJ Pycroft,England,15,8,Group,102,1
102,1,14.2,England,South Africa,J Archer,J Buttler,0,0,0,0,0,0,D Miller,dot,0,0,0,0,0,NO,y shashank,England,South Africa,12-06-2024,England Stadium,England City,South Africa,field,J Archer,Nitin Menon,Rashid Riaz,A Paleker,J Srinath,England,15,9,Group,102,1
102,2,4.5,England,South Africa,J Archer,M Wood,1,0,1,0,0,1,T Bavuma,not out,0,0,0,0,0,NO,y shashank,England,South Africa,12-06-2024,England Stadium,England City,South Africa,bat,J Archer,CB Gaffaney,RK Illingworth,RJ Tucker,RB Richardson,England,2,0,Final,102,1
102,1,1.1,South Africa,England,T Bavuma,D Miller,1,0,1,0,0,1,J Archer,not out,0,0,0,0,0,NO,y shashank,England,South Africa,12-06-2024,England Stadium,England City,South Africa,bat,J Archer,L Rusere,Nitin Menon,Ahsan Raza,RB Richardson,England,122,0,Group,102,1
102,2,9.6,South Africa,England,A Nortje,A Nortje,0,0,0,0,0,0,J Buttler,dot,0,0,0,0,0,NO,y shashank,England,South Africa,12-06-2024,England Stadium,England City,South Africa,field,J Archer,Asif Yaqoob,MA Gough,A Paleker,JJ Crowe,England,15,5,Group,102,1
102,1,11.2,South Africa,England,D Miller,K Rabada,1,0,1,0,0,1,M Wood,not out,0,0,0,0,0,NO,y shashank,England,South Africa,12-06-2024,England Stadium,England City,South Africa,field,J Archer,CM Brown,Sharfuddoula,CB Gaffaney,JJ Crowe,England,2,0,Group,102,1
102,2,2.3,England,South Africa,J Archer,J Buttler,4,0,0,1,0,4,Q de Kock,not out,0,0,0,0,0,YES,y shashank,England,South Africa,12-06-2024,England Stadium,England City,South Africa,field,J Archer,RK Illingworth,RA Kettleborough,HDPK Dharmasena,JJ Crowe,England,24,0,Group,102,1
102,1,4.2,England,South Africa,J Buttler,J Buttler,0,0,0,0,0,0,Q de Kock,dot,0,0,0,0,0,NO,y shashank,England,South Africa,12-06-2024,England Stadium,England City,South Africa,field,J Archer,Asif Yaqoob,JS Wilson,Nitin Menon,RS Madugalle,England,39,0,Group,102,1
103,2,16.2,England,South Africa,J Buttler,J Archer,1,0,1,0,0,1,K Rabada,not out,0,0,0,0,0,NO,y shashank,England,South Africa,13-06-2024,England Stadium,England City,South Africa,field,D Miller,L Rusere,RJ Tucker,RK Illingworth,RB Richardson,England,15,6,Group,103,1
103,1,8.5,England,South Africa,J Archer,M Wood,0,0,0,0,0,0,T Bavuma,caught,1,0,0,0,1,NO,H Hiri,England,South Africa,13-06-2024,England Stadium,England City,South Africa,bat,D Miller,RK Illingworth,SJ Nogajski,PR Reiffel,RS Madugalle,England,100,0,Group,103,1
103,2,9.4,England,South Africa,H Brook,H Brook,0,0,0,0,0,0,D Miller,dot,0,0,0,0,0,NO,y shashank,England,South Africa,13-06-2024,England Stadium,England City,South Africa,field,D Miller,AG Wharf,CB Gaffaney,CM Brown,DC Boon,England,15,8,Group,103,1
103,2,10.4,South Africa,England,D Miller,T Bavuma,0,0,0,0,0,0,B Stokes,dot,0,0,0,0,0,NO,y shashank,England,South Africa,13-06-2024,England Stadium,England City,South Africa,field,D Miller,RK Illingworth,RA Kettleborough,HDPK Dharmasena,JJ Crowe,England,24,0,Group,103,1
103,2,12.3,South Africa,England,Q de Kock,Q de Kock,0,0,0,0,0,0,M Wood,dot,0,0,0,0,0,NO,y shashank,England,South Africa,13-06-2024,England Stadium,England City,South Africa,field,D Miller,PR Reiffel,SJ Nogajski,AT Holdstock,RS Madugalle,England,15,7,Group,103,1
103,1,1.3,South Africa,England,A Nortje,K Rabada,3,0,3,0,0,3,H Brook,not out,0,0,0,0,0,NO,y shashank,England,South Africa,13-06-2024,England Stadium,England City,South Africa,field,D Miller,Ahsan Raza,HDPK Dharmasena,AT Holdstock,J Srinath,England,84,0,Group,103,1
103,1,9.2,South Africa,England,D Miller,T Bavuma,1,0,1,0,0,1,J Buttler,not out,0,0,0,0,0,NO,y shashank,England,South Africa,13-06-2024,England Stadium,England City,South Africa,field,D Miller,MA Gough,RK Illingworth,AT Holdstock,RB Richardson,England,28,0,Group,103,1
103,1,6.4,South Africa,England,Q de Kock,Q de Kock,0,0,0,0,0,0,B Stokes,dot,0,0,0,0,0,NO,y shashank,England,South Africa,13-06-2024,England Stadium,England City,South Africa,field,D Miller,RK Illingworth,Sharfuddoula,L Rusere,RB Richardson,England,15,7,Group,103,1
103,2,2.2,South Africa,England,A Nortje,K Rabada,0,0,0,0,0,0,B Stokes,dot,0,0,0,0,0,NO,y shashank,England,South Africa,13-06-2024,England Stadium,England City,South Africa,field,D Miller,RA Kettleborough,SJ Nogajski,CB Gaffaney,RB Richardson,England,53,0,Group,103,1
103,1,12.3,England,South Africa,J Archer,M Wood,0,0,0,0,0,0,Q de Kock,dot,0,0,0,0,0,NO,y shashank,England,South Africa,13-06-2024,England Stadium,England City,South Africa,bat,D Miller,CM Brown,RA Kettleborough,AG Wharf,JJ Crowe,England,15,6,Group,103,1
103,2,16.3,England,South Africa,J Buttler,J Buttler,0,0,0,0,0,0,A Nortje,dot,0,0,0,0,0,NO,y shashank,England,South Africa,13-06-2024,England Stadium,England City,South Africa,field,D Miller,A Paleker,MA Gough,RJ Tucker,JJ Crowe,England,15,0,Group,103,1
103,1,17.5,England,South Africa,J Buttler,B Stokes,1,0,1,0,0,1,T Bavuma,not out,0,0,0,0,0,NO,y shashank,England,South Africa,13-06-2024,England Stadium,England City,South Africa,field,D Miller,AG Wharf,A Paleker,Asif Yaqoob,JJ Crowe,England,83,0,Group,103,1
103,1,9.6,South Africa,England,Q de Kock,A Nortje,1,0,1,0,0,1,H Brook,not out,0,0,0,0,0,NO,y shashank,England,South Africa,13-06-2024,England Stadium,England City,South Africa,field,D Miller,AG Wharf,MA Gough,Ahsan Raza,DC Boon,England,15,7,Group,103,1
103,1,3.7,South Africa,England,K Rabada,Q de Kock,0,0,0,0,0,0,J Buttler,dot,0,0,0,0,0,NO,y shashank,England,South Africa,13-06-2024,England Stadium,England City,South Africa,bat,D Miller,CB Gaffaney,RK Illingworth,RJ Tucker,RB Richardson,England,2,0,Final,103,1
103,1,12.3,South Africa,England,Q de Kock,Q de Kock,0,0,0,0,0,0,H Brook,dot,0,0,0,0,0,NO,y shashank,England,South Africa,13-06-2024,England Stadium,England City,South Africa,field,D Miller,AG Wharf,CB Gaffaney,CM Brown,DC Boon,England,15,8,Group,103,1
103,1,7.2,South Africa,England,K Rabada,Q de Kock,0,0,0,0,0,0,J Archer,dot,0,0,0,0,0,NO,y shashank,England,South Africa,13-06-2024,England Stadium,England City,South Africa,field,D Miller,AT Holdstock,Rashid Riaz,HDPK Dharmasena,J Srinath,England,15,3,Group,103,1
103,2,2.5,South Africa,England,A Nortje,D Miller,0,0,0,0,0,0,B Stokes,dot,0,0,0,0,0,NO,y shashank,England,South Africa,13-06-2024,England Stadium,England City,South Africa,field,D Miller,PR Reiffel,RK Illingworth,Ahsan Raza,DC Boon,England,15,9,Group,103,1
103,1,14.4,South Africa,England,Q de Kock,A Nortje,1,0,1,0,0,1,J Archer,not out,0,0,0,0,0,NO,y shashank,England,South Africa,13-06-2024,England Stadium,England City,South Africa,bat,D Miller,Nitin Menon,RK Illingworth,Ahsan Raza,RB Richardson,England,15,9,Semi Final,103,1
103,1,7.3,South Africa,England,T Bavuma,Q de Kock,1,0,1,0,0,1,J Buttler,not out,0,0,0,0,0,NO,y shashank,England,South Africa,13-06-2024,England Stadium,England City,South Africa,field,D Miller,Ahsan Raza,Nitin Menon,CM Brown,JJ Crowe,England,15,8,Group,103,1
103,1,14.5,England,South Africa,B Stokes,M Wood,1,0,1,0,0,1,A Nortje,not out,0,0,0,0,0,NO,y shashank,England,South Africa,13-06-2024,England Stadium,England City,South Africa,field,D Miller,Ahsan Raza,Nitin Menon,CM Brown,JJ Crowe,England,15,8,Group,103,1
103,1,17.3,England,South Africa,J Buttler,J Buttler,4,0,0,1,0,4,D Miller,not out,0,0,0,0,0,YES,y shashank,England,South Africa,13-06-2024,England Stadium,England City,South Africa,field,D Miller,A Paleker,CM Brown,MA Gough,JJ Crowe,England,104,0,Group,103,1
103,2,3.5,South Africa,England,A Nortje,Q de Kock,4,0,0,1,0,4,J Buttler,not out,0,0,0,0,0,YES,y shashank,England,South Africa,13-06-2024,England Stadium,England City,South Africa,field,D Miller,CM Brown,J Madanagopal,JS Wilson,RB Richardson,England,25,0,Group,103,1
103,1,11.4,South Africa,England,Q de Kock,D Miller,0,1,0,0,0,1,J Buttler,not out,0,0,0,0,0,NO,y shashank,England,South Africa,13-06-2024,England Stadium,England City,South Africa,field,D Miller,L Rusere,PR Reiffel,RK Illingworth,DC Boon,England,15,7,Group,103,1
103,1,17.2,England,South Africa,B Stokes,J Archer,1,0,1,0,0,1,T Bavuma,not out,0,0,0,0,0,NO,y shashank,England,South Africa,13-06-2024,England Stadium,England City,South Africa,field,D Miller,Ahsan Raza,HDPK Dharmasena,AT Holdstock,J Srinath,England,84,0,Group,103,1
103,1,19.3,South Africa,England,T Bavuma,K Rabada,0,0,0,0,0,0,J Archer,run out,0,0,0,1,1,NO,A Nao,England,South Africa,13-06-2024,England Stadium,England City,South Africa,field,D Miller,AG Wharf,A Paleker,Asif Yaqoob,JJ Crowe,England,83,0,Group,103,1
103,2,17.6,England,South Africa,B Stokes,J Buttler,4,0,0,1,0,4,T Bavuma,not out,0,0,0,0,0,YES,y shashank,England,South Africa,13-06-2024,England Stadium,England City,South Africa,bat,D Miller,PR Reiffel,RJ Tucker,AG Wharf,DC Boon,England,47,0,Group,103,1
103,1,17.4,England,South Africa,M Wood,M Wood,3,0,3,0,0,3,D Miller,not out,0,0,0,0,0,NO,y shashank,England,South Africa,13-06-2024,England Stadium,England City,South Africa,field,D Miller,J Madanagopal,JS Wilson,SJ Nogajski,RB Richardson,England,112,0,Group,103,1
103,1,12.5,South Africa,England,D Miller,T Bavuma,4,0,0,1,0,4,B Stokes,not out,0,0,0,0,0,YES,y shashank,England,South Africa,13-06-2024,England Stadium,England City,South Africa,field,D Miller,AT Holdstock,HDPK Dharmasena,PR Reiffel,RS Madugalle,England,15,7,Group,103,1
103,2,14.6,South Africa,England,K Rabada,D Miller,1,0,1,0,0,1,J Buttler,not out,0,0,0,0,0,NO,y shashank,England,South Africa,13-06-2024,England Stadium,England City,South Africa,field,D Miller,CM Brown,J Madanagopal,JS Wilson,RB Richardson,England,25,0,Group,103,1
103,1,18.1,South Africa,England,Q de Kock,K Rabada,4,0,0,1,0,4,J Buttler,not out,0,0,0,0,0,YES,y shashank,England,South Africa,13-06-2024,England Stadium,England City,South Africa,field,D Miller,AT Holdstock,Rashid Riaz,HDPK Dharmasena,J Srinath,England,15,3,Group,103,1
103,1,19.6,South Africa,England,K Rabada,T Bavuma,1,1,1,0,0,2,H Brook,not out,0,0,0,0,0,NO,y shashank,England,South Africa,13-06-2024,England Stadium,England City,South Africa,bat,D Miller,RK Illingworth,SJ Nogajski,PR Reiffel,RS Madugalle,England,100,0,Group,103,1
103,1,16.7,South Africa,England,Q de Kock,K Rabada,1,0,1,0,0,1,M Wood,not out,0,0,0,0,0,NO,y shashank,England,South Africa,13-06-2024,England Stadium,England City,South Africa,field,D Miller,Ahsan Raza,HDPK Dharmasena,AT Holdstock,J Srinath,England,84,0,Group,103,1
103,2,16.1,England,South Africa,J Buttler,M Wood,0,0,0,0,0,0,K Rabada,dot,0,0,0,0,0,NO,y shashank,England,South Africa,13-06-2024,England Stadium,England City,South Africa,field,D Miller,AG Wharf,MA Gough,Ahsan Raza,DC Boon,England,15,7,Group,103,1
103,2,17.2,South Africa,England,K Rabada,T Bavuma,1,0,1,0,0,1,M Wood,not out,0,0,0,0,0,NO,y shashank,England,South Africa,13-06-2024,England Stadium,England City,South Africa,field,D Miller,MA Gough,RK Illingworth,AT Holdstock,RB Richardson,England,28,0,Group,103,1
103,1,19.1,South Africa,England,T Bavuma,K Rabada,4,0,0,1,0,4,H Brook,not out,0,0,0,0,0,YES,y shashank,England,South Africa,13-06-2024,England Stadium,England City,South Africa,field,D Miller,Ahsan Raza,SJ Nogajski,HDPK Dharmasena,RB Richardson,England,21,0,Group,103,1
103,2,7.3,England,South Africa,M Wood,B Stokes,2,0,2,0,0,2,K Rabada,not out,0,0,0,0,0,NO,y shashank,England,South Africa,13-06-2024,England Stadium,England City,South Africa,field,D Miller,CB Gaffaney,JS Wilson,A Paleker,DC Boon,England,15,10,Group,103,1
103,1,15.4,England,South Africa,B Stokes,J Buttler,0,0,0,0,0,0,D Miller,dot,0,0,0,0,0,NO,y shashank,England,South Africa,13-06-2024,England Stadium,England City,South Africa,field,D Miller,J Madanagopal,JS Wilson,Asif Yaqoob,RS Madugalle,England,15,0,Group,103,1
103,2,13.5,South Africa,England,D Miller,Q de Kock,0,0,0,0,0,0,M Wood,dot,0,0,0,0,0,NO,y shashank,England,South Africa,13-06-2024,England Stadium,England City,South Africa,bat,D Miller,CM Brown,RA Kettleborough,AG Wharf,JJ Crowe,England,15,6,Group,103,1
103,1,2.6,England,South Africa,M Wood,M Wood,2,0,2,0,0,2,A Nortje,not out,0,0,0,0,0,NO,y shashank,England,South Africa,13-06-2024,England Stadium,England City,South Africa,field,D Miller,Asif Yaqoob,MA Gough,A Paleker,JJ Crowe,England,15,5,Group,103,1
103,2,9.1,England,South Africa,B Stokes,M Wood,0,0,0,0,0,0,K Rabada,dot,0,0,0,0,0,NO,y shashank,England,South Africa,13-06-2024,England Stadium,England City,South Africa,field,D Miller,CB Gaffaney,JS Wilson,A Paleker,DC Boon,England,15,10,Group,103,1
103,1,4.3,England,South Africa,J Archer,H Brook,1,0,1,0,0,1,T Bavuma,not out,0,0,0,0,0,NO,y shashank,England,South Africa,13-06-2024,England Stadium,England City,South Africa,field,D Miller,A Paleker,PR Reiffel,AG Wharf,DC Boon,England,15,9,Group,103,1
103,1,19.6,South Africa,England,K Rabada,Q de Kock,1,1,1,0,0,2,H Brook,not out,0,0,0,0,0,NO,y shashank,England,South Africa,13-06-2024,England Stadium,England City,South Africa,field,D Miller,RK Illingworth,RJ Tucker,Sharfuddoula,DC Boon,England,5,0,Group,103,1
103,1,6.3,South Africa,England,K Rabada,D Miller,4,0,0,1,0,4,B Stokes,not out,0,0,0,0,0,YES,y shashank,England,South Africa,13-06-2024,England Stadium,England City,South Africa,field,D Miller,Asif Yaqoob,L Rusere,Rashid Riaz,AJ Pycroft,England,15,8,Group,103,1
103,1,14.2,England,South Africa,B Stokes,J Archer,0,0,0,0,0,0,T Bavuma,dot,0,0,0,0,0,NO,y shashank,England,South Africa,13-06-2024,England Stadium,England City,South Africa,field,D Miller,Nitin Menon,Rashid Riaz,A Paleker,J Srinath,England,15,9,Group,103,1
103,2,4.5,England,South Africa,J Archer,J Archer,1,0,1,0,0,1,K Rabada,not out,0,0,0,0,0,NO,y shashank,England,South Africa,13-06-2024,England Stadium,England City,South Africa,bat,D Miller,CB Gaffaney,RK Illingworth,RJ Tucker,RB Richardson,England,2,0,Final,103,1
103,1,1.1,South Africa,England,D Miller,D Miller,1,0,1,0,0,1,H Brook,not out,0,0,0,0,0,NO,y shashank,England,South Africa,13-06-2024,England Stadium,England City,South Africa,bat,D Miller,L Rusere,Nitin Menon,Ahsan Raza,RB Richardson,England,122,0,Group,103,1
103,2,9.6,England,South Africa,J Buttler,B Stokes,0,0,0,0,0,0,K Rabada,dot,0,0,0,0,0,NO,y shashank,England,South Africa,13-06-2024,England Stadium,England City,South Africa,field,D Miller,Asif Yaqoob,MA Gough,A Paleker,JJ Crowe,England,15,5,Group,103,1
103,1,11.2,England,South Africa,M Wood,M Wood,1,0,1,0,0,1,D Miller,not out,0,0,0,0,0,NO,y shashank,England,South Africa,13-06-2024,England Stadium,England City,South Africa,field,D Miller,CM Brown,Sharfuddoula,CB Gaffaney,JJ Crowe,England,2,0,Group,103,1
103,2,2.3,England,South Africa,H Brook,B Stokes,4,0,0,1,0,4,Q de Kock,not out,0,0,0,0,0,YES,y shashank,England,South Africa,13-06-2024,England Stadium,England City,South Africa,field,D Miller,RK Illingworth,RA Kettleborough,HDPK Dharmasena,JJ Crowe,England,24,0,Group,103,1
103,1,4.2,South Africa,England,K Rabada,A Nortje,0,0,0,0,0,0,H Brook,dot,0,0,0,0,0,NO,y shashank,England,South Africa,13-06-2024,England Stadium,England City,South Africa,field,D Miller,Asif Yaqoob,JS Wilson,Nitin Menon,RS Madugalle,England,39,0,Group,103,1
104,2,16.2,Pakistan,Sri Lanka,M Rizwan,H Rauf,1,0,1,0,0,1,P Nissanka,not out,0,0,0,0,0,NO,y shashank,Pakistan,Sri Lanka,14-06-2024,Pakistan Stadium,Pakistan City,Pakistan,field,P Nissanka,L Rusere,RJ Tucker,RK Illingworth,RB Richardson,Pakistan,15,6,Group,104,1
104,1,8.5,Sri Lanka,Pakistan,P Nissanka,D Shanaka,0,0,0,0,0,0,B Azam,caught,1,0,0,0,1,NO,H Hiri,Pakistan,Sri Lanka,14-06-2024,Pakistan Stadium,Pakistan City,Pakistan,bat,P Nissanka,RK Illingworth,SJ Nogajski,PR Reiffel,RS Madugalle,Pakistan,100,0,Group,104,1
104,2,9.4,Pakistan,Sri Lanka,I Ahmed,H Rauf,0,0,0,0,0,0,D Chameera,dot,0,0,0,0,0,NO,y shashank,Pakistan,Sri Lanka,14-06-2024,Pakistan Stadium,Pakistan City,Pakistan,field,P Nissanka,AG Wharf,CB Gaffaney,CM Brown,DC Boon,Pakistan,15,8,Group,104,1
104,2,10.4,Pakistan,Sri Lanka,S Afridi,H Rauf,0,0,0,0,0,0,D Chameera,dot,0,0,0,0,0,NO,y shashank,Pakistan,Sri Lanka,14-06-2024,Pakistan Stadium,Pakistan City,Pakistan,field,P Nissanka,RK Illingworth,RA Kettleborough,HDPK Dharmasena,JJ Crowe,Pakistan,24,0,Group,104,1
104,2,12.3,Sri Lanka,Pakistan,P Nissanka,P Nissanka,0,0,0,0,0,0,M Rizwan,dot,0,0,0,0,0,NO,y shashank,Pakistan,Sri Lanka,14-06-2024,Pakistan Stadium,Pakistan City,Pakistan,field,P Nissanka,PR Reiffel,SJ Nogajski,AT Holdstock,RS Madugalle,Pakistan,15,7,Group,104,1
104,1,1.3,Pakistan,Sri Lanka,B Azam,H Rauf,3,0,3,0,0,3,P Nissanka,not out,0,0,0,0,0,NO,y shashank,Pakistan,Sri Lanka,14-06-2024,Pakistan Stadium,Pakistan City,Pakistan,field,P Nissanka,Ahsan Raza,HDPK Dharmasena,AT Holdstock,J Srinath,Pakistan,84,0,Group,104,1
104,1,9.2,Pakistan,Sri Lanka,I Ahmed,M Rizwan,1,0,1,0,0,1,M Theekshana,not out,0,0,0,0,0,NO,y shashank,Pakistan,Sri Lanka,14-06-2024,Pakistan Stadium,Pakistan City,Pakistan,field,P Nissanka,MA Gough,RK Illingworth,AT Holdstock,RB Richardson,Pakistan,28,0,Group,104,1
104,1,6.4,Sri Lanka,Pakistan,M Theekshana,D Shanaka,0,0,0,0,0,0,H Rauf,dot,0,0,0,0,0,NO,y shashank,Pakistan,Sri Lanka,14-06-2024,Pakistan Stadium,Pakistan City,Pakistan,field,P Nissanka,RK Illingworth,Sharfuddoula,L Rusere,RB Richardson,Pakistan,15,7,Group,104,1
104,2,2.2,Pakistan,Sri Lanka,H Rauf,I Ahmed,0,0,0,0,0,0,D Shanaka,dot,0,0,0,0,0,NO,y shashank,Pakistan,Sri Lanka,14-06-2024,Pakistan Stadium,Pakistan City,Pakistan,field,P Nissanka,RA Kettleborough,SJ Nogajski,CB Gaffaney,RB Richardson,Pakistan,53,0,Group,104,1
104,1,12.3,Sri Lanka,Pakistan,D Shanaka,D Chameera,0,0,0,0,0,0,I Ahmed,dot,0,0,0,0,0,NO,y shashank,Pakistan,Sri Lanka,14-06-2024,Pakistan Stadium,Pakistan City,Pakistan,bat,P Nissanka,CM Brown,RA Kettleborough,AG Wharf,JJ Crowe,Pakistan,15,6,Group,104,1
104,2,16.3,Pakistan,Sri Lanka,B Azam,B Azam,0,0,0,0,0,0,D Chameera,dot,0,0,0,0,0,NO,y shashank,Pakistan,Sri Lanka,14-06-2024,Pakistan Stadium,Pakistan City,Pakistan,field,P Nissanka,A Paleker,MA Gough,RJ Tucker,JJ Crowe,Pakistan,15,0,Group,104,1
104,1,17.5,Sri Lanka,Pakistan,D Chameera,P Nissanka,1,0,1,0,0,1,B Azam,not out,0,0,0,0,0,NO,y shashank,Pakistan,Sri Lanka,14-06-2024,Pakistan Stadium,Pakistan City,Pakistan,field,P Nissanka,AG Wharf,A Paleker,Asif Yaqoob,JJ Crowe,Pakistan,83,0,Group,104,1
104,1,9.6,Sri Lanka,Pakistan,K Mendis,P Nissanka,1,0,1,0,0,1,S Afridi,not out,0,0,0,0,0,NO,y shashank,Pakistan,Sri Lanka,14-06-2024,Pakistan Stadium,Pakistan City,Pakistan,field,P Nissanka,AG Wharf,MA Gough,Ahsan Raza,DC Boon,Pakistan,15,7,Group,104,1
104,1,3.7,Sri Lanka,Pakistan,P Nissanka,K Mendis,0,0,0,0,0,0,M Rizwan,dot,0,0,0,0,0,NO,y shashank,Pakistan,Sri Lanka,14-06-2024,Pakistan Stadium,Pakistan City,Pakistan,bat,P Nissanka,CB Gaffaney,RK Illingworth,RJ Tucker,RB Richardson,Pakistan,2,0,Final,104,1
104,1,12.3,Sri Lanka,Pakistan,D Chameera,D Chameera,0,0,0,0,0,0,I Ahmed,dot,0,0,0,0,0,NO,y shashank,Pakistan,Sri Lanka,14-06-2024,Pakistan Stadium,Pakistan City,Pakistan,field,P Nissanka,AG Wharf,CB Gaffaney,CM Brown,DC Boon,Pakistan,15,8,Group,104,1
104,1,7.2,Sri Lanka,Pakistan,P Nissanka,M Theekshana,0,0,0,0,0,0,B Azam,dot,0,0,0,0,0,NO,y shashank,Pakistan,Sri Lanka,14-06-2024,Pakistan Stadium,Pakistan City,Pakistan,field,P Nissanka,AT Holdstock,Rashid Riaz,HDPK Dharmasena,J Srinath,Pakistan,15,3,Group,104,1
104,2,2.5,Sri Lanka,Pakistan,K Mendis,D Chameera,0,0,0,0,0,0,H Rauf,dot,0,0,0,0,0,NO,y shashank,Pakistan,Sri Lanka,14-06-2024,Pakistan Stadium,Pakistan City,Pakistan,field,P Nissanka,PR Reiffel,RK Illingworth,Ahsan Raza,DC Boon,Pakistan,15,9,Group,104,1
104,1,14.4,Sri Lanka,Pakistan,K Mendis,D Shanaka,1,0,1,0,0,1,M Rizwan,not out,0,0,0,0,0,NO,y shashank,Pakistan,Sri Lanka,14-06-2024,Pakistan Stadium,Pakistan City,Pakistan,bat,P Nissanka,Nitin Menon,RK Illingworth,Ahsan Raza,RB Richardson,Pakistan,15,9,Semi Final,104,1
104,1,7.3,Pakistan,Sri Lanka,B Azam,H Rauf,1,0,1,0,0,1,M Theekshana,not out,0,0,0,0,0,NO,y shashank,Pakistan,Sri Lanka,14-06-2024,Pakistan Stadium,Pakistan City,Pakistan,field,P Nissanka,Ahsan Raza,Nitin Menon,CM Brown,JJ Crowe,Pakistan,15,8,Group,104,1
104,1,14.5,Pakistan,Sri Lanka,S Afridi,H Rauf,1,0,1,0,0,1,P Nissanka,not out,0,0,0,0,0,NO,y shashank,Pakistan,Sri Lanka,14-06-2024,Pakistan Stadium,Pakistan City,Pakistan,field,P Nissanka,Ahsan Raza,Nitin Menon,CM Brown,JJ Crowe,Pakistan,15,8,Group,104,1
104,1,17.3,Sri Lanka,Pakistan,D Chameera,M Theekshana,4,0,0,1,0,4,M Rizwan,not out,0,0,0,0,0,YES,y shashank,Pakistan,Sri Lanka,14-06-2024,Pakistan Stadium,Pakistan City,Pakistan,field,P Nissanka,A Paleker,CM Brown,MA Gough,JJ Crowe,Pakistan,104,0,Group,104,1
104,2,3.5,Sri Lanka,Pakistan,P Nissanka,D Chameera,4,0,0,1,0,4,B Azam,not out,0,0,0,0,0,YES,y shashank,Pakistan,Sri Lanka,14-06-2024,Pakistan Stadium,Pakistan City,Pakistan,field,P Nissanka,CM Brown,J Madanagopal,JS Wilson,RB Richardson,Pakistan,25,0,Group,104,1
104,1,11.4,Pakistan,Sri Lanka,H Rauf,M Rizwan,0,1,0,0,0,1,D Shanaka,not out,0,0,0,0,0,NO,y shashank,Pakistan,Sri Lanka,14-06-2024,Pakistan Stadium,Pakistan City,Pakistan,field,P Nissanka,L Rusere,PR Reiffel,RK Illingworth,DC Boon,Pakistan,15,7,Group,104,1
104,1,17.2,Sri Lanka,Pakistan,P Nissanka,D Chameera,1,0,1,0,0,1,B Azam,not out,0,0,0,0,0,NO,y shashank,Pakistan,Sri Lanka,14-06-2024,Pakistan Stadium,Pakistan City,Pakistan,field,P Nissanka,Ahsan Raza,HDPK Dharmasena,AT Holdstock,J Srinath,Pakistan,84,0,Group,104,1
104,1,19.3,Sri Lanka,Pakistan,D Shanaka,D Chameera,0,0,0,0,0,0,B Azam,run out,0,0,0,1,1,NO,A Nao,Pakistan,Sri Lanka,14-06-2024,Pakistan Stadium,Pakistan City,Pakistan,field,P Nissanka,AG Wharf,A Paleker,Asif Yaqoob,JJ Crowe,Pakistan,83,0,Group,104,1
104,2,17.6,Pakistan,Sri Lanka,I Ahmed,I Ahmed,4,0,0,1,0,4,K Mendis,not out,0,0,0,0,0,YES,y shashank,Pakistan,Sri Lanka,14-06-2024,Pakistan Stadium,Pakistan City,Pakistan,bat,P Nissanka,PR Reiffel,RJ Tucker,AG Wharf,DC Boon,Pakistan,47,0,Group,104,1
104,1,17.4,Pakistan,Sri Lanka,I Ahmed,I Ahmed,3,0,3,0,0,3,M Theekshana,not out,0,0,0,0,0,NO,y shashank,Pakistan,Sri Lanka,14-06-2024,Pakistan Stadium,Pakistan City,Pakistan,field,P Nissanka,J Madanagopal,JS Wilson,SJ Nogajski,RB Richardson,Pakistan,112,0,Group,104,1
104,1,12.5,Sri Lanka,Pakistan,K Mendis,M Theekshana,4,0,0,1,0,4,M Rizwan,not out,0,0,0,0,0,YES,y shashank,Pakistan,Sri Lanka,14-06-2024,Pakistan Stadium,Pakistan City,Pakistan,field,P Nissanka,AT Holdstock,HDPK Dharmasena,PR Reiffel,RS Madugalle,Pakistan,15,7,Group,104,1
104,2,14.6,Sri Lanka,Pakistan,D Chameera,P Nissanka,1,0,1,0,0,1,I Ahmed,not out,0,0,0,0,0,NO,y shashank,Pakistan,Sri Lanka,14-06-2024,Pakistan Stadium,Pakistan City,Pakistan,field,P Nissanka,CM Brown,J Madanagopal,JS Wilson,RB Richardson,Pakistan,25,0,Group,104,1
104,1,18.1,Sri Lanka,Pakistan,D Shanaka,D Chameera,4,0,0,1,0,4,H Rauf,not out,0,0,0,0,0,YES,y shashank,Pakistan,Sri Lanka,14-06-2024,Pakistan Stadium,Pakistan City,Pakistan,field,P Nissanka,AT Holdstock,Rashid Riaz,HDPK Dharmasena,J Srinath,Pakistan,15,3,Group,104,1
104,1,19.6,Pakistan,Sri Lanka,I Ahmed,H Rauf,1,1,1,0,0,2,K Mendis,not out,0,0,0,0,0,NO,y shashank,Pakistan,Sri Lanka,14-06-2024,Pakistan Stadium,Pakistan City,Pakistan,bat,P Nissanka,RK Illingworth,SJ Nogajski,PR Reiffel,RS Madugalle,Pakistan,100,0,Group,104,1
104,1,16.7,Sri Lanka,Pakistan,P Nissanka,M Theekshana,1,0,1,0,0,1,S Afridi,not out,0,0,0,0,0,NO,y shashank,Pakistan,Sri Lanka,14-06-2024,Pakistan Stadium,Pakistan City,Pakistan,field,P Nissanka,Ahsan Raza,HDPK Dharmasena,AT Holdstock,J Srinath,Pakistan,84,0,Group,104,1
104,2,16.1,Pakistan,Sri Lanka,M Rizwan,I Ahmed,0,0,0,0,0,0,D Chameera,dot,0,0,0,0,0,NO,y shashank,Pakistan,Sri Lanka,14-06-2024,Pakistan Stadium,Pakistan City,Pakistan,field,P Nissanka,AG Wharf,MA Gough,Ahsan Raza,DC Boon,Pakistan,15,7,Group,104,1
104,2,17.2,Pakistan,Sri Lanka,M Rizwan,S Afridi,1,0,1,0,0,1,D Chameera,not out,0,0,0,0,0,NO,y shashank,Pakistan,Sri Lanka,14-06-2024,Pakistan Stadium,Pakistan City,Pakistan,field,P Nissanka,MA Gough,RK Illingworth,AT Holdstock,RB Richardson,Pakistan,28,0,Group,104,1
104,1,19.1,Sri Lanka,Pakistan,M Theekshana,P Nissanka,4,0,0,1,0,4,M Rizwan,not out,0,0,0,0,0,YES,y shashank,Pakistan,Sri Lanka,14-06-2024,Pakistan Stadium,Pakistan City,Pakistan,field,P Nissanka,Ahsan Raza,SJ Nogajski,HDPK Dharmasena,RB Richardson,Pakistan,21,0,Group,104,1
104,2,7.3,Pakistan,Sri Lanka,S Afridi,S Afridi,2,0,2,0,0,2,P Nissanka,not out,0,0,0,0,0,NO,y shashank,Pakistan,Sri Lanka,14-06-2024,Pakistan Stadium,Pakistan City,Pakistan,field,P Nissanka,CB Gaffaney,JS Wilson,A Paleker,DC Boon,Pakistan,15,10,Group,104,1
104,1,15.4,Pakistan,Sri Lanka,S Afridi,M Rizwan,0,0,0,0,0,0,P Nissanka,dot,0,0,0,0,0,NO,y shashank,Pakistan,Sri Lanka,14-06-2024,Pakistan Stadium,Pakistan City,Pakistan,field,P Nissanka,J Madanagopal,JS Wilson,Asif Yaqoob,RS Madugalle,Pakistan,15,0,Group,104,1
104,2,13.5,Sri Lanka,Pakistan,P Nissanka,D Chameera,0,0,0,0,0,0,M Rizwan,dot,0,0,0,0,0,NO,y shashank,Pakistan,Sri Lanka,14-06-2024,Pakistan Stadium,Pakistan City,Pakistan,bat,P Nissanka,CM Brown,RA Kettleborough,AG Wharf,JJ Crowe,Pakistan,15,6,Group,104,1
104,1,2.6,Sri Lanka,Pakistan,M Theekshana,K Mendis,2,0,2,0,0,2,H Rauf,not out,0,0,0,0,0,NO,y shashank,Pakistan,Sri Lanka,14-06-2024,Pakistan Stadium,Pakistan City,Pakistan,field,P Nissanka,Asif Yaqoob,MA Gough,A Paleker,JJ Crowe,Pakistan,15,5,Group,104,1
104,2,9.1,Pakistan,Sri Lanka,H Rauf,H Rauf,0,0,0,0,0,0,K Mendis,dot,0,0,0,0,0,NO,y shashank,Pakistan,Sri Lanka,14-06-2024,Pakistan Stadium,Pakistan City,Pakistan,field,P Nissanka,CB Gaffaney,JS Wilson,A Paleker,DC Boon,Pakistan,15,10,Group,104,1
104,1,4.3,Pakistan,Sri Lanka,S Afridi,I Ahmed,1,0,1,0,0,1,D Chameera,not out,0,0,0,0,0,NO,y shashank,Pakistan,Sri Lanka,14-06-2024,Pakistan Stadium,Pakistan City,Pakistan,field,P Nissanka,A Paleker,PR Reiffel,AG Wharf,DC Boon,Pakistan,15,9,Group,104,1
104,1,19.6,Sri Lanka,Pakistan,M Theekshana,D Chameera,1,1,1,0,0,2,M Rizwan,not out,0,0,0,0,0,NO,y shashank,Pakistan,Sri Lanka,14-06-2024,Pakistan Stadium,Pakistan City,Pakistan,field,P Nissanka,RK Illingworth,RJ Tucker,Sharfuddoula,DC Boon,Pakistan,5,0,Group,104,1
104,1,6.3,Pakistan,Sri Lanka,H Rauf,S Afridi,4,0,0,1,0,4,D Chameera,not out,0,0,0,0,0,YES,y shashank,Pakistan,Sri Lanka,14-06-2024,Pakistan Stadium,Pakistan City,Pakistan,field,P Nissanka,Asif Yaqoob,L Rusere,Rashid Riaz,AJ Pycroft,Pakistan,15,8,Group,104,1
104,1,14.2,Pakistan,Sri Lanka,S Afridi,M Rizwan,0,0,0,0,0,0,D Chameera,dot,0,0,0,0,0,NO,y shashank,Pakistan,Sri Lanka,14-06-2024,Pakistan Stadium,Pakistan City,Pakistan,field,P Nissanka,Nitin Menon,Rashid Riaz,A Paleker,J Srinath,Pakistan,15,9,Group,104,1
104,2,4.5,Sri Lanka,Pakistan,D Shanaka,D Shanaka,1,0,1,0,0,1,S Afridi,not out,0,0,0,0,0,NO,y shashank,Pakistan,Sri Lanka,14-06-2024,Pakistan Stadium,Pakistan City,Pakistan,bat,P Nissanka,CB Gaffaney,RK Illingworth,RJ Tucker,RB Richardson,Pakistan,2,0,Final,104,1
104,1,1.1,Pakistan,Sri Lanka,H Rauf,I Ahmed,1,0,1,0,0,1,D Shanaka,not out,0,0,0,0,0,NO,y shashank,Pakistan,Sri Lanka,14-06-2024,Pakistan Stadium,Pakistan City,Pakistan,bat,P Nissanka,L Rusere,Nitin Menon,Ahsan Raza,RB Richardson,Pakistan,122,0,Group,104,1
104,2,9.6,Pakistan,Sri Lanka,I Ahmed,I Ahmed,0,0,0,0,0,0,D Chameera,dot,0,0,0,0,0,NO,y shashank,Pakistan,Sri Lanka,14-06-2024,Pakistan Stadium,Pakistan City,Pakistan,field,P Nissanka,Asif Yaqoob,MA Gough,A Paleker,JJ Crowe,Pakistan,15,5,Group,104,1
104,1,11.2,Pakistan,Sri Lanka,I Ahmed,I Ahmed,1,0,1,0,0,1,M Theekshana,not out,0,0,0,0,0,NO,y shashank,Pakistan,Sri Lanka,14-06-2024,Pakistan Stadium,Pakistan City,Pakistan,field,P Nissanka,CM Brown,Sharfuddoula,CB Gaffaney,JJ Crowe,Pakistan,2,0,Group,104,1
104,2,2.3,Pakistan,Sri Lanka,B Azam,S Afridi,4,0,0,1,0,4,K Mendis,not out,0,0,0,0,0,YES,y shashank,Pakistan,Sri Lanka,14-06-2024,Pakistan Stadium,Pakistan City,Pakistan,field,P Nissanka,RK Illingworth,RA Kettleborough,HDPK Dharmasena,JJ Crowe,Pakistan,24,0,Group,104,1
104,1,4.2,Pakistan,Sri Lanka,H Rauf,B Azam,0,0,0,0,0,0,P Nissanka,dot,0,0,0,0,0,NO,y shashank,Pakistan,Sri Lanka,14-06-2024,Pakistan Stadium,Pakistan City,Pakistan,field,P Nissanka,Asif Yaqoob,JS Wilson,Nitin Menon,RS Madugalle,Pakistan,39,0,Group,104,1
105,2,16.2,Sri Lanka,Pakistan,P Nissanka,P Nissanka,1,0,1,0,0,1,M Rizwan,not out,0,0,0,0,0,NO,y shashank,Pakistan,Sri Lanka,15-06-2024,Pakistan Stadium,Pakistan City,Sri Lanka,field,K Mendis,L Rusere,RJ Tucker,RK Illingworth,RB Richardson,Pakistan,15,6,Group,105,1
105,1,8.5,Sri Lanka,Pakistan,D Chameera,D Shanaka,0,0,0,0,0,0,B Azam,caught,1,0,0,0,1,NO,H Hiri,Pakistan,Sri Lanka,15-06-2024,Pakistan Stadium,Pakistan City,Sri Lanka,bat,K Mendis,RK Illingworth,SJ Nogajski,PR Reiffel,RS Madugalle,Pakistan,100,0,Group,105,1
105,2,9.4,Sri Lanka,Pakistan,D Chameera,K Mendis,0,0,0,0,0,0,S Afridi,dot,0,0,0,0,0,NO,y shashank,Pakistan,Sri Lanka,15-06-2024,Pakistan Stadium,Pakistan City,Sri Lanka,field,K Mendis,AG Wharf,CB Gaffaney,CM Brown,DC Boon,Pakistan,15,8,Group,105,1
105,2,10.4,Pakistan,Sri Lanka,H Rauf,S Afridi,0,0,0,0,0,0,P Nissanka,dot,0,0,0,0,0,NO,y shashank,Pakistan,Sri Lanka,15-06-2024,Pakistan Stadium,Pakistan City,Sri Lanka,field,K Mendis,RK Illingworth,RA Kettleborough,HDPK Dharmasena,JJ Crowe,Pakistan,24,0,Group,105,1
105,2,12.3,Sri Lanka,Pakistan,M Theekshana,P Nissanka,0,0,0,0,0,0,B Azam,dot,0,0,0,0,0,NO,y shashank,Pakistan,Sri Lanka,15-06-2024,Pakistan Stadium,Pakistan City,Sri Lanka,field,K Mendis,PR Reiffel,SJ Nogajski,AT Holdstock,RS Madugalle,Pakistan,15,7,Group,105,1
105,1,1.3,Pakistan,Sri Lanka,B Azam,B Azam,3,0,3,0,0,3,D Shanaka,not out,0,0,0,0,0,NO,y shashank,Pakistan,Sri Lanka,15-06-2024,Pakistan Stadium,Pakistan City,Sri Lanka,field,K Mendis,Ahsan Raza,HDPK Dharmasena,AT Holdstock,J Srinath,Pakistan,84,0,Group,105,1
105,1,9.2,Pakistan,Sri Lanka,I Ahmed,B Azam,1,0,1,0,0,1,D Chameera,not out,0,0,0,0,0,NO,y shashank,Pakistan,Sri Lanka,15-06-2024,Pakistan Stadium,Pakistan City,Sri Lanka,field,K Mendis,MA Gough,RK Illingworth,AT Holdstock,RB Richardson,Pakistan,28,0,Group,105,1
105,1,6.4,Pakistan,Sri Lanka,S Afridi,M Rizwan,0,0,0,0,0,0,M Theekshana,dot,0,0,0,0,0,NO,y shashank,Pakistan,Sri Lanka,15-06-2024,Pakistan Stadium,Pakistan City,Sri Lanka,field,K Mendis,RK Illingworth,Sharfuddoula,L Rusere,RB Richardson,Pakistan,15,7,Group,105,1
105,2,2.2,Pakistan,Sri Lanka,M Rizwan,B Azam,0,0,0,0,0,0,D Chameera,dot,0,0,0,0,0,NO,y shashank,Pakistan,Sri Lanka,15-06-2024,Pakistan Stadium,Pakistan City,Sri Lanka,field,K Mendis,RA Kettleborough,SJ Nogajski,CB Gaffaney,RB Richardson,Pakistan,53,0,Group,105,1
105,1,12.3,Pakistan,Sri Lanka,H Rauf,S Afridi,0,0,0,0,0,0,P Nissanka,dot,0,0,0,0,0,NO,y shashank,Pakistan,Sri Lanka,15-06-2024,Pakistan Stadium,Pakistan City,Sri Lanka,bat,K Mendis,CM Brown,RA Kettleborough,AG Wharf,JJ Crowe,Pakistan,15,6,Group,105,1
105,2,16.3,Sri Lanka,Pakistan,D Shanaka,M Theekshana,0,0,0,0,0,0,I Ahmed,dot,0,0,0,0,0,NO,y shashank,Pakistan,Sri Lanka,15-06-2024,Pakistan Stadium,Pakistan City,Sri Lanka,field,K Mendis,A Paleker,MA Gough,RJ Tucker,JJ Crowe,Pakistan,15,0,Group,105,1
105,1,17.5,Pakistan,Sri Lanka,H Rauf,S Afridi,1,0,1,0,0,1,D Chameera,not out,0,0,0,0,0,NO,y shashank,Pakistan,Sri Lanka,15-06-2024,Pakistan Stadium,Pakistan City,Sri Lanka,field,K Mendis,AG Wharf,A Paleker,Asif Yaqoob,JJ Crowe,Pakistan,83,0,Group,105,1
105,1,9.6,Pakistan,Sri Lanka,I Ahmed,H Rauf,1,0,1,0,0,1,P Nissanka,not out,0,0,0,0,0,NO,y shashank,Pakistan,Sri Lanka,15-06-2024,Pakistan Stadium,Pakistan City,Sri Lanka,field,K Mendis,AG Wharf,MA Gough,Ahsan Raza,DC Boon,Pakistan,15,7,Group,105,1
105,1,3.7,Sri Lanka,Pakistan,D Shanaka,K Mendis,0,0,0,0,0,0,H Rauf,dot,0,0,0,0,0,NO,y shashank,Pakistan,Sri Lanka,15-06-2024,Pakistan Stadium,Pakistan City,Sri Lanka,bat,K Mendis,CB Gaffaney,RK Illingworth,RJ Tucker,RB Richardson,Pakistan,2,0,Final,105,1
105,1,12.3,Pakistan,Sri Lanka,S Afridi,S Afridi,0,0,0,0,0,0,D Chameera,dot,0,0,0,0,0,NO,y shashank,Pakistan,Sri Lanka,15-06-2024,Pakistan Stadium,Pakistan City,Sri Lanka,field,K Mendis,AG Wharf,CB Gaffaney,CM Brown,DC Boon,Pakistan,15,8,Group,105,1
105,1,7.2,Pakistan,Sri Lanka,B Azam,B Azam,0,0,0,0,0,0,D Chameera,dot,0,0,0,0,0,NO,y shashank,Pakistan,Sri Lanka,15-06-2024,Pakistan Stadium,Pakistan City,Sri Lanka,field,K Mendis,AT Holdstock,Rashid Riaz,HDPK Dharmasena,J Srinath,Pakistan,15,3,Group,105,1
105,2,2.5,Pakistan,Sri Lanka,M Rizwan,B Azam,0,0,0,0,0,0,K Mendis,dot,0,0,0,0,0,NO,y shashank,Pakistan,Sri Lanka,15-06-2024,Pakistan Stadium,Pakistan City,Sri Lanka,field,K Mendis,PR Reiffel,RK Illingworth,Ahsan Raza,DC Boon,Pakistan,15,9,Group,105,1
105,1,14.4,Sri Lanka,Pakistan,P Nissanka,M Theekshana,1,0,1,0,0,1,S Afridi,not out,0,0,0,0,0,NO,y shashank,Pakistan,Sri Lanka,15-06-2024,Pakistan Stadium,Pakistan City,Sri Lanka,bat,K Mendis,Nitin Menon,RK Illingworth,Ahsan Raza,RB Richardson,Pakistan,15,9,Semi Final,105,1
105,1,7.3,Pakistan,Sri Lanka,S Afridi,B Azam,1,0,1,0,0,1,D Chameera,not out,0,0,0,0,0,NO,y shashank,Pakistan,Sri Lanka,15-06-2024,Pakistan Stadium,Pakistan City,Sri Lanka,field,K Mendis,Ahsan Raza,Nitin Menon,CM Brown,JJ Crowe,Pakistan,15,8,Group,105,1
105,1,14.5,Pakistan,Sri Lanka,S Afridi,I Ahmed,1,0,1,0,0,1,D Shanaka,not out,0,0,0,0,0,NO,y shashank,Pakistan,Sri Lanka,15-06-2024,Pakistan Stadium,Pakistan City,Sri Lanka,field,K Mendis,Ahsan Raza,Nitin Menon,CM Brown,JJ Crowe,Pakistan,15,8,Group,105,1
105,1,17.3,Sri Lanka,Pakistan,D Chameera,D Chameera,4,0,0,1,0,4,B Azam,not out,0,0,0,0,0,YES,y shashank,Pakistan,Sri Lanka,15-06-2024,Pakistan Stadium,Pakistan City,Sri Lanka,field,K Mendis,A Paleker,CM Brown,MA Gough,JJ Crowe,Pakistan,104,0,Group,105,1
105,2,3.5,Sri Lanka,Pakistan,D Chameera,D Shanaka,4,0,0,1,0,4,I Ahmed,not out,0,0,0,0,0,YES,y shashank,Pakistan,Sri Lanka,15-06-2024,Pakistan Stadium,Pakistan City,Sri Lanka,field,K Mendis,CM Brown,J Madanagopal,JS Wilson,RB Richardson,Pakistan,25,0,Group,105,1
105,1,11.4,Pakistan,Sri Lanka,S Afridi,I Ahmed,0,1,0,0,0,1,D Shanaka,not out,0,0,0,0,0,NO,y shashank,Pakistan,Sri Lanka,15-06-2024,Pakistan Stadium,Pakistan City,Sri Lanka,field,K Mendis,L Rusere,PR Reiffel,RK Illingworth,DC Boon,Pakistan,15,7,Group,105,1
105,1,17.2,Sri Lanka,Pakistan,D Shanaka,P Nissanka,1,0,1,0,0,1,I Ahmed,not out,0,0,0,0,0,NO,y shashank,Pakistan,Sri Lanka,15-06-2024,Pakistan Stadium,Pakistan City,Sri Lanka,field,K Mendis,Ahsan Raza,HDPK Dharmasena,AT Holdstock,J Srinath,Pakistan,84,0,Group,105,1
105,1,19.3,Pakistan,Sri Lanka,H Rauf,S Afridi,0,0,0,0,0,0,D Chameera,run out,0,0,0,1,1,NO,A Nao,Pakistan,Sri Lanka,15-06-2024,Pakistan Stadium,Pakistan City,Sri Lanka,field,K Mendis,AG Wharf,A Paleker,Asif Yaqoob,JJ Crowe,Pakistan,83,0,Group,105,1
105,2,17.6,Pakistan,Sri Lanka,B Azam,M Rizwan,4,0,0,1,0,4,P Nissanka,not out,0,0,0,0,0,YES,y shashank,Pakistan,Sri Lanka,15-06-2024,Pakistan Stadium,Pakistan City,Sri Lanka,bat,K Mendis,PR Reiffel,RJ Tucker,AG Wharf,DC Boon,Pakistan,47,0,Group,105,1
105,1,17.4,Sri Lanka,Pakistan,M Theekshana,D Shanaka,3,0,3,0,0,3,M Rizwan,not out,0,0,0,0,0,NO,y shashank,Pakistan,Sri Lanka,15-06-2024,Pakistan Stadium,Pakistan City,Sri Lanka,field,K Mendis,J Madanagopal,JS Wilson,SJ Nogajski,RB Richardson,Pakistan,112,0,Group,105,1
105,1,12.5,Sri Lanka,Pakistan,D Chameera,D Shanaka,4,0,0,1,0,4,I Ahmed,not out,0,0,0,0,0,YES,y shashank,Pakistan,Sri Lanka,15-06-2024,Pakistan Stadium,Pakistan City,Sri Lanka,field,K Mendis,AT Holdstock,HDPK Dharmasena,PR Reiffel,RS Madugalle,Pakistan,15,7,Group,105,1
105,2,14.6,Pakistan,Sri Lanka,M Rizwan,I Ahmed,1,0,1,0,0,1,P Nissanka,not out,0,0,0,0,0,NO,y shashank,Pakistan,Sri Lanka,15-06-2024,Pakistan Stadium,Pakistan City,Sri Lanka,field,K Mendis,CM Brown,J Madanagopal,JS Wilson,RB Richardson,Pakistan,25,0,Group,105,1
105,1,18.1,Sri Lanka,Pakistan,K Mendis,D Shanaka,4,0,0,1,0,4,B Azam,not out,0,0,0,0,0,YES,y shashank,Pakistan,Sri Lanka,15-06-2024,Pakistan Stadium,Pakistan City,Sri Lanka,field,K Mendis,AT Holdstock,Rashid Riaz,HDPK Dharmasena,J Srinath,Pakistan,15,3,Group,105,1
105,1,19.6,Pakistan,Sri Lanka,B Azam,M Rizwan,1,1,1,0,0,2,P Nissanka,not out,0,0,0,0,0,NO,y shashank,Pakistan,Sri Lanka,15-06-2024,Pakistan Stadium,Pakistan City,Sri Lanka,bat,K Mendis,RK Illingworth,SJ Nogajski,PR Reiffel,RS Madugalle,Pakistan,100,0,Group,105,1
105,1,16.7,Sri Lanka,Pakistan,D Shanaka,D Shanaka,1,0,1,0,0,1,M Rizwan,not out,0,0,0,0,0,NO,y shashank,Pakistan,Sri Lanka,15-06-2024,Pakistan Stadium,Pakistan City,Sri Lanka,field,K Mendis,Ahsan Raza,HDPK Dharmasena,AT Holdstock,J Srinath,Pakistan,84,0,Group,105,1
105,2,16.1,Pakistan,Sri Lanka,B Azam,B Azam,0,0,0,0,0,0,D Chameera,dot,0,0,0,0,0,NO,y shashank,Pakistan,Sri Lanka,15-06-2024,Pakistan Stadium,Pakistan City,Sri Lanka,field,K Mendis,AG Wharf,MA Gough,Ahsan Raza,DC Boon,Pakistan,15,7,Group,105,1
105,2,17.2,Pakistan,Sri Lanka,I Ahmed,M Rizwan,1,0,1,0,0,1,P Nissanka,not out,0,0,0,0,0,NO,y shashank,Pakistan,Sri Lanka,15-06-2024,Pakistan Stadium,Pakistan City,Sri Lanka,field,K Mendis,MA Gough,RK Illingworth,AT Holdstock,RB Richardson,Pakistan,28,0,Group,105,1
105,1,19.1,Sri Lanka,Pakistan,P Nissanka,D Chameera,4,0,0,1,0,4,M Rizwan,not out,0,0,0,0,0,YES,y shashank,Pakistan,Sri Lanka,15-06-2024,Pakistan Stadium,Pakistan City,Sri Lanka,field,K Mendis,Ahsan Raza,SJ Nogajski,HDPK Dharmasena,RB Richardson,Pakistan,21,0,Group,105,1
105,2,7.3,Pakistan,Sri Lanka,M Rizwan,I Ahmed,2,0,2,0,0,2,M Theekshana,not out,0,0,0,0,0,NO,y shashank,Pakistan,Sri Lanka,15-06-2024,Pakistan Stadium,Pakistan City,Sri Lanka,field,K Mendis,CB Gaffaney,JS Wilson,A Paleker,DC Boon,Pakistan,15,10,Group,105,1
105,1,15.4,Sri Lanka,Pakistan,M Theekshana,D Shanaka,0,0,0,0,0,0,H Rauf,dot,0,0,0,0,0,NO,y shashank,Pakistan,Sri Lanka,15-06-2024,Pakistan Stadium,Pakistan City,Sri Lanka,field,K Mendis,J Madanagopal,JS Wilson,Asif Yaqoob,RS Madugalle,Pakistan,15,0,Group,105,1
105,2,13.5,Sri Lanka,Pakistan,K Mendis,P Nissanka,0,0,0,0,0,0,S Afridi,dot,0,0,0,0,0,NO,y shashank,Pakistan,Sri Lanka,15-06-2024,Pakistan Stadium,Pakistan City,Sri Lanka,bat,K Mendis,CM Brown,RA Kettleborough,AG Wharf,JJ Crowe,Pakistan,15,6,Group,105,1
105,1,2.6,Pakistan,Sri Lanka,M Rizwan,H Rauf,2,0,2,0,0,2,D Shanaka,not out,0,0,0,0,0,NO,y shashank,Pakistan,Sri Lanka,15-06-2024,Pakistan Stadium,Pakistan City,Sri Lanka,field,K Mendis,Asif Yaqoob,MA Gough,A Paleker,JJ Crowe,Pakistan,15,5,Group,105,1
105,2,9.1,Sri Lanka,Pakistan,P Nissanka,P Nissanka,0,0,0,0,0,0,B Azam,dot,0,0,0,0,0,NO,y shashank,Pakistan,Sri Lanka,15-06-2024,Pakistan Stadium,Pakistan City,Sri Lanka,field,K Mendis,CB Gaffaney,JS Wilson,A Paleker,DC Boon,Pakistan,15,10,Group,105,1
105,1,4.3,Pakistan,Sri Lanka,S Afridi,M Rizwan,1,0,1,0,0,1,K Mendis,not out,0,0,0,0,0,NO,y shashank,Pakistan,Sri Lanka,15-06-2024,Pakistan Stadium,Pakistan City,Sri Lanka,field,K Mendis,A Paleker,PR Reiffel,AG Wharf,DC Boon,Pakistan,15,9,Group,105,1
105,1,19.6,Sri Lanka,Pakistan,D Shanaka,D Shanaka,1,1,1,0,0,2,H Rauf,not out,0,0,0,0,0,NO,y shashank,Pakistan,Sri Lanka,15-06-2024,Pakistan Stadium,Pakistan City,Sri Lanka,field,K Mendis,RK Illingworth,RJ Tucker,Sharfuddoula,DC Boon,Pakistan,5,0,Group,105,1
105,1,6.3,Pakistan,Sri Lanka,M Rizwan,B Azam,4,0,0,1,0,4,M Theekshana,not out,0,0,0,0,0,YES,y shashank,Pakistan,Sri Lanka,15-06-2024,Pakistan Stadium,Pakistan City,Sri Lanka,field,K Mendis,Asif Yaqoob,L Rusere,Rashid Riaz,AJ Pycroft,Pakistan,15,8,Group,105,1
105,1,14.2,Pakistan,Sri Lanka,B Azam,S Afridi,0,0,0,0,0,0,D Shanaka,dot,0,0,0,0,0,NO,y shashank,Pakistan,Sri Lanka,15-06-2024,Pakistan Stadium,Pakistan City,Sri Lanka,field,K Mendis,Nitin Menon,Rashid Riaz,A Paleker,J Srinath,Pakistan,15,9,Group,105,1
105,2,4.5,Sri Lanka,Pakistan,K Mendis,P Nissanka,1,0,1,0,0,1,M Rizwan,not out,0,0,0,0,0,NO,y shashank,Pakistan,Sri Lanka,15-06-2024,Pakistan Stadium,Pakistan City,Sri Lanka,bat,K Mendis,CB Gaffaney,RK Illingworth,RJ Tucker,RB Richardson,Pakistan,2,0,Final,105,1
105,1,1.1,Sri Lanka,Pakistan,M Theekshana,D Chameera,1,0,1,0,0,1,M Rizwan,not out,0,0,0,0,0,NO,y shashank,Pakistan,Sri Lanka,15-06-2024,Pakistan Stadium,Pakistan City,Sri Lanka,bat,K Mendis,L Rusere,Nitin Menon,Ahsan Raza,RB Richardson,Pakistan,122,0,Group,105,1
105,2,9.6,Sri Lanka,Pakistan,D Shanaka,K Mendis,0,0,0,0,0,0,B Azam,dot,0,0,0,0,0,NO,y shashank,Pakistan,Sri Lanka,15-06-2024,Pakistan Stadium,Pakistan City,Sri Lanka,field,K Mendis,Asif Yaqoob,MA Gough,A Paleker,JJ Crowe,Pakistan,15,5,Group,105,1
105,1,11.2,Sri Lanka,Pakistan,P Nissanka,K Mendis,1,0,1,0,0,1,S Afridi,not out,0,0,0,0,0,NO,y shashank,Pakistan,Sri Lanka,15-06-2024,Pakistan Stadium,Pakistan City,Sri Lanka,field,K Mendis,CM Brown,Sharfuddoula,CB Gaffaney,JJ Crowe,Pakistan,2,0,Group,105,1
105,2,2.3,Pakistan,Sri Lanka,H Rauf,I Ahmed,4,0,0,1,0,4,M Theekshana,not out,0,0,0,0,0,YES,y shashank,Pakistan,Sri Lanka,15-06-2024,Pakistan Stadium,Pakistan City,Sri Lanka,field,K Mendis,RK Illingworth,RA Kettleborough,HDPK Dharmasena,JJ Crowe,Pakistan,24,0,Group,105,1
105,1,4.2,Pakistan,Sri Lanka,I Ahmed,M Rizwan,0,0,0,0,0,0,D Shanaka,dot,0,0,0,0,0,NO,y shashank,Pakistan,Sri Lanka,15-06-2024,Pakistan Stadium,Pakistan City,Sri Lanka,field,K Mendis,Asif Yaqoob,JS Wilson,Nitin Menon,RS Madugalle,Pakistan,39,0,Group,105,1
